"","column_label","Var1","Var2","Freq","Meanrow","MeanGPP","column_label.1","rastlist..i..","Date","df_listNA","nullvaluespercentagedf","DOY","Year","MeanGPPfiltered"
"1","1","","  gpppvpm.1","Mean   :0  ","Mean",NA,"1","2008_01_01_0_0.tif",2008-01-01,1087314,0.0504078452937403,1,"2008",NA
"2","1","","  gpppvpm.2","Mean   :0  ","Mean",NA,"1","2008_01_09_1_1.tif",2008-01-09,1087310,0.0687379708551004,9,"2008",NA
"3","1","","  gpppvpm.3","Mean   : 0.2  ","Mean",0.2,"1","2008_01_17_2_2.tif",2008-01-17,1087306,0.0870680964164605,17,"2008",NA
"4","1","","  gpppvpm.4","Mean   : 1.2  ","Mean",1.2,"1","2008_01_25_3_3.tif",2008-01-25,1087289,0.164971130052241,25,"2008",NA
"5","1","","  gpppvpm.5","Mean   :0  ","Mean",NA,"1","2008_02_02_4_4.tif",2008-02-02,1087241,0.384932636788562,33,"2008",NA
"6","1","","  gpppvpm.6","Mean   :0.8  ","Mean",0.8,"1","2008_02_10_5_5.tif",2008-02-10,1087157,0.769865273577124,41,"2008",NA
"7","1","","  gpppvpm.7","Mean   : 0.9  ","Mean",0.9,"1","2008_02_18_6_6.tif",2008-02-18,1087105,1.00815690587481,49,"2008",NA
"8","1","","  gpppvpm.8","Mean   :0  ","Mean",NA,"1","2008_02_26_7_7.tif",2008-02-26,1086846,2.19503253597287,57,"2008",NA
"9","1","","  gpppvpm.9","Mean   :0  ","Mean",NA,"1","2008_03_05_8_8.tif",2008-03-05,1086758,2.59829529832279,65,"2008",NA
"10","1","","  gpppvpm.10","Mean   :0  ","Mean",NA,"1","2008_03_13_9_9.tif",2008-03-13,1086517,3.70268536339474,73,"2008",NA
"11","1","","  gpppvpm.11","Mean   :0  ","Mean",NA,"1","2008_03_21_10_10.tif",2008-03-21,1086009,6.03061130968747,81,"2008",NA
"12","1","","  gpppvpm.12","Mean   :0.0  ","Mean",NA,"1","2008_03_29_11_11.tif",2008-03-29,1085265,9.44001466410045,89,"2008",NA
"13","1","","  gpppvpm.13","Mean   : 0.0  ","Mean",NA,"1","2008_04_06_12_12.tif",2008-04-06,1084114,14.7145082943818,97,"2008",NA
"14","1","","  gpppvpm.14","Mean   : 0.0  ","Mean",NA,"1","2008_04_14_13_13.tif",2008-04-14,1082373,22.6926954449638,105,"2008",NA
"15","1","","  gpppvpm.15","Mean   : 0.2  ","Mean",0.2,"1","2008_04_22_14_14.tif",2008-04-22,1080199,32.655118687563,113,"2008",0.2
"16","1","","  gpppvpm.16","Mean   : 0.4  ","Mean",0.4,"1","2008_04_30_15_15.tif",2008-04-30,1077861,43.369077078178,121,"2008",0.4
"17","1","","  gpppvpm.17","Mean   : 0.7  ","Mean",0.7,"1","2008_05_08_16_16.tif",2008-05-08,1073883,61.5983869489506,129,"2008",0.7
"18","1","","  gpppvpm.18","Mean   : 1.5  ","Mean",1.5,"1","2008_05_16_17_17.tif",2008-05-16,1068301,87.1780771698286,137,"2008",1.5
"19","1","","  gpppvpm.19","Mean   : 3.3  ","Mean",3.3,"1","2008_05_24_18_18.tif",2008-05-24,1065815,98.5702502062139,145,"2008",3.3
"20","1","","  gpppvpm.20","Mean   : 6.7  ","Mean",6.7,"1","2008_06_01_19_19.tif",2008-06-01,1065503,100,153,"2008",6.7
"21","1","","  gpppvpm.21","Mean   :10.0  ","Mean",10,"1","2008_06_09_20_20.tif",2008-06-09,1065578,99.6563101457245,161,"2008",10
"22","1","","  gpppvpm.22","Mean   :13.0  ","Mean",13,"1","2008_06_17_21_21.tif",2008-06-17,1065711,99.0468334708093,169,"2008",13
"23","1","","  gpppvpm.23","Mean   :14.9  ","Mean",14.9,"1","2008_06_25_22_22.tif",2008-06-25,1065847,98.423609201723,177,"2008",14.9
"24","1","","  gpppvpm.24","Mean   :13.9  ","Mean",13.9,"1","2008_07_03_23_23.tif",2008-07-03,1065951,97.9470259371277,185,"2008",13.9
"25","1","","  gpppvpm.25","Mean   :16.5  ","Mean",16.5,"1","2008_07_11_24_24.tif",2008-07-11,1066077,97.3696269819448,193,"2008",16.5
"26","1","","  gpppvpm.26","Mean   :14.4  ","Mean",14.4,"1","2008_07_19_25_25.tif",2008-07-19,1066430,95.7519934011548,201,"2008",14.4
"27","1","","  gpppvpm.27","Mean   :14.2  ","Mean",14.2,"1","2008_07_27_26_26.tif",2008-07-27,1066927,93.4744753001558,209,"2008",14.2
"28","1","","  gpppvpm.28","Mean   :12.3  ","Mean",12.3,"1","2008_08_04_27_27.tif",2008-08-04,1067597,90.404179268628,217,"2008",12.3
"29","1","","  gpppvpm.29","Mean   :11.5  ","Mean",11.5,"1","2008_08_12_28_28.tif",2008-08-12,1068550,86.0370268536339,225,"2008",11.5
"30","1","","  gpppvpm.30","Mean   :10.4  ","Mean",10.4,"1","2008_08_20_29_29.tif",2008-08-20,1069946,79.6398130327193,233,"2008",10.4
"31","1","","  gpppvpm.31","Mean   : 7.9  ","Mean",7.9,"1","2008_08_28_30_30.tif",2008-08-28,1071649,71.8357620749702,241,"2008",7.9
"32","1","","  gpppvpm.32","Mean   : 8.5  ","Mean",8.5,"1","2008_09_05_31_31.tif",2008-09-05,1073371,63.9446430208047,249,"2008",8.5
"33","1","","  gpppvpm.33","Mean   : 7.3  ","Mean",7.3,"1","2008_09_13_32_32.tif",2008-09-13,1075319,55.0178718724223,257,"2008",7.3
"34","1","","  gpppvpm.34","Mean   : 7.3  ","Mean",7.3,"1","2008_09_21_33_33.tif",2008-09-21,1078708,39.48767299056,265,"2008",7.3
"35","1","","  gpppvpm.35","Mean   : 5.7  ","Mean",5.7,"1","2008_09_29_34_34.tif",2008-09-29,1083434,17.830629639813,273,"2008",5.7
"36","1","","  gpppvpm.36","Mean   : 3.6  ","Mean",3.6,"1","2008_10_07_35_35.tif",2008-10-07,1086371,4.37173494638438,281,"2008",3.6
"37","1","","  gpppvpm.37","Mean   : 2.6  ","Mean",2.6,"1","2008_10_15_36_36.tif",2008-10-15,1087198,0.581981486573183,289,"2008",NA
"38","1","","  gpppvpm.38","Mean   : 1.3  ","Mean",1.3,"1","2008_10_23_37_37.tif",2008-10-23,1087298,0.123728347539181,297,"2008",NA
"39","1","","  gpppvpm.39","Mean   : 1.1  ","Mean",1.1,"1","2008_10_31_38_38.tif",2008-10-31,1087317,0.0366602511227202,305,"2008",NA
"40","1","","  gpppvpm.40","Mean   : 0.6  ","Mean",0.6,"1","2008_11_08_39_39.tif",2008-11-08,1087321,0.0183301255613601,313,"2008",NA
"41","1","","  gpppvpm.41","Mean   : 0.7  ","Mean",0.7,"1","2008_11_16_40_40.tif",2008-11-16,1087321,0.0183301255613601,321,"2008",NA
"42","1","","  gpppvpm.42","Mean   : 0.9  ","Mean",0.9,"1","2008_11_24_41_41.tif",2008-11-24,1087321,0.0183301255613601,329,"2008",NA
"43","1","","  gpppvpm.43","Mean   : 0.7  ","Mean",0.7,"1","2008_12_02_42_42.tif",2008-12-02,1087321,0.0183301255613601,337,"2008",NA
"44","1","","  gpppvpm.44","Mean   : 0.4  ","Mean",0.4,"1","2008_12_10_43_43.tif",2008-12-10,1087321,0.0183301255613601,345,"2008",NA
"45","1","","  gpppvpm.45","Mean   : 0.6  ","Mean",0.6,"1","2008_12_18_44_44.tif",2008-12-18,1087321,0.0183301255613601,353,"2008",NA
"46","1","","  gpppvpm.46","Mean   : 1.2  ","Mean",1.2,"1","2008_12_26_45_45.tif",2008-12-26,1087321,0.0183301255613601,361,"2008",NA
"47","2","","  gpppvpm.1","Mean   :0  ","Mean",NA,"2","2009_01_01_0_0.tif",2009-01-01,1050122,0.0139958012596221,1,"2009",NA
"48","2","","  gpppvpm.2","Mean   :0  ","Mean",NA,"2","2009_01_09_1_1.tif",2009-01-09,1050122,0.0139958012596221,9,"2009",NA
"49","2","","  gpppvpm.3","Mean   : 0.1  ","Mean",0.1,"2","2009_01_17_2_2.tif",2009-01-17,1050082,0.20060648472125,17,"2009",NA
"50","2","","  gpppvpm.4","Mean   :0.3  ","Mean",0.3,"2","2009_01_25_3_3.tif",2009-01-25,1050072,0.247259155586657,25,"2009",NA
"51","2","","  gpppvpm.5","Mean   :0  ","Mean",NA,"2","2009_02_02_4_4.tif",2009-02-02,1050032,0.433869839048286,33,"2009",NA
"52","2","","  gpppvpm.6","Mean   :0  ","Mean",NA,"2","2009_02_10_5_5.tif",2009-02-10,1049993,0.615815255423373,41,"2009",NA
"53","2","","  gpppvpm.7","Mean   :0  ","Mean",NA,"2","2009_02_18_6_6.tif",2009-02-18,1049962,0.760438535106135,49,"2009",NA
"54","2","","  gpppvpm.8","Mean   :0  ","Mean",NA,"2","2009_02_26_7_7.tif",2009-02-26,1049920,0.956379752740844,57,"2009",NA
"55","2","","  gpppvpm.9","Mean   :0  ","Mean",NA,"2","2009_03_06_8_8.tif",2009-03-06,1049856,1.25495684627945,65,"2009",NA
"56","2","","  gpppvpm.10","Mean   :0  ","Mean",NA,"2","2009_03_14_9_9.tif",2009-03-14,1049702,1.97340797760672,73,"2009",NA
"57","2","","  gpppvpm.11","Mean   :0.0  ","Mean",NA,"2","2009_03_22_10_10.tif",2009-03-22,1049205,4.29204571961745,81,"2009",NA
"58","2","","  gpppvpm.12","Mean   :0.0  ","Mean",NA,"2","2009_03_30_11_11.tif",2009-03-30,1047987,9.97434103102403,89,"2009",NA
"59","2","","  gpppvpm.13","Mean   : 0.0  ","Mean",NA,"2","2009_04_07_12_12.tif",2009-04-07,1046821,15.4140424539305,97,"2009",NA
"60","2","","  gpppvpm.14","Mean   : 0.0  ","Mean",NA,"2","2009_04_15_13_13.tif",2009-04-15,1045127,23.3170048985304,105,"2009",NA
"61","2","","  gpppvpm.15","Mean   : 0.1  ","Mean",0.1,"2","2009_04_23_14_14.tif",2009-04-23,1041973,38.0312572894798,113,"2009",0.1
"62","2","","  gpppvpm.16","Mean   : 0.3  ","Mean",0.3,"2","2009_05_01_15_15.tif",2009-05-01,1037202,60.2892465593655,121,"2009",0.3
"63","2","","  gpppvpm.17","Mean   : 0.7  ","Mean",0.7,"2","2009_05_09_16_16.tif",2009-05-09,1032164,83.7928621413576,129,"2009",0.7
"64","2","","  gpppvpm.18","Mean   : 1.8  ","Mean",1.8,"2","2009_05_17_17_17.tif",2009-05-17,1029496,96.2397947282482,137,"2009",1.8
"65","2","","  gpppvpm.19","Mean   : 4.3  ","Mean",4.3,"2","2009_05_25_18_18.tif",2009-05-25,1028736,99.7853977140191,145,"2009",4.3
"66","2","","  gpppvpm.20","Mean   : 7.0  ","Mean",7,"2","2009_06_02_19_19.tif",2009-06-02,1028690,100,153,"2009",7
"67","2","","  gpppvpm.21","Mean   :10.5  ","Mean",10.5,"2","2009_06_10_20_20.tif",2009-06-10,1028707,99.9206904595288,161,"2009",10.5
"68","2","","  gpppvpm.22","Mean   :15.9  ","Mean",15.9,"2","2009_06_18_21_21.tif",2009-06-18,1028745,99.7434103102403,169,"2009",15.9
"69","2","","  gpppvpm.23","Mean   :17.7  ","Mean",17.7,"2","2009_06_26_22_22.tif",2009-06-26,1028723,99.8460461861442,177,"2009",17.7
"70","2","","  gpppvpm.24","Mean   :15.3  ","Mean",15.3,"2","2009_07_04_23_23.tif",2009-07-04,1028779,99.5847912292979,185,"2009",15.3
"71","2","","  gpppvpm.25","Mean   :17.1  ","Mean",17.1,"2","2009_07_12_24_24.tif",2009-07-12,1028890,99.0669465826919,193,"2009",17.1
"72","2","","  gpppvpm.26","Mean   :14.1  ","Mean",14.1,"2","2009_07_20_25_25.tif",2009-07-20,1029177,97.7280149288547,201,"2009",14.1
"73","2","","  gpppvpm.27","Mean   :13.7  ","Mean",13.7,"2","2009_07_28_26_26.tif",2009-07-28,1029899,94.3596920923723,209,"2009",13.7
"74","2","","  gpppvpm.28","Mean   :16.1  ","Mean",16.1,"2","2009_08_05_27_27.tif",2009-08-05,1030942,89.4938185211103,217,"2009",16.1
"75","2","","  gpppvpm.29","Mean   :14.6  ","Mean",14.6,"2","2009_08_13_28_28.tif",2009-08-13,1031799,85.4956846279449,225,"2009",14.6
"76","2","","  gpppvpm.30","Mean   :12.8  ","Mean",12.8,"2","2009_08_21_29_29.tif",2009-08-21,1033038,79.715418707721,233,"2009",12.8
"77","2","","  gpppvpm.31","Mean   :10.5  ","Mean",10.5,"2","2009_08_29_30_30.tif",2009-08-29,1035218,69.5451364590623,241,"2009",10.5
"78","2","","  gpppvpm.32","Mean   : 6.5  ","Mean",6.5,"2","2009_09_06_31_31.tif",2009-09-06,1038343,54.9661768136226,249,"2009",6.5
"79","2","","  gpppvpm.33","Mean   : 4.4  ","Mean",4.4,"2","2009_09_14_32_32.tif",2009-09-14,1042560,35.2927455096804,257,"2009",4.4
"80","2","","  gpppvpm.34","Mean   : 5.8  ","Mean",5.8,"2","2009_09_22_33_33.tif",2009-09-22,1046527,16.7856309773735,265,"2009",5.8
"81","2","","  gpppvpm.35","Mean   : 2.8  ","Mean",2.8,"2","2009_09_30_34_34.tif",2009-09-30,1048926,5.5936552367623,273,"2009",2.8
"82","2","","  gpppvpm.36","Mean   : 1.1  ","Mean",1.1,"2","2009_10_08_35_35.tif",2009-10-08,1049815,1.44623279682762,281,"2009",NA
"83","2","","  gpppvpm.37","Mean   : 1.1  ","Mean",1.1,"2","2009_10_16_36_36.tif",2009-10-16,1050050,0.349895031490553,289,"2009",NA
"84","2","","  gpppvpm.38","Mean   : 0.4  ","Mean",0.4,"2","2009_10_24_37_37.tif",2009-10-24,1050078,0.219267553067413,297,"2009",NA
"85","2","","  gpppvpm.39","Mean   :0.4  ","Mean",0.4,"2","2009_11_01_38_38.tif",2009-11-01,1050079,0.214602285980872,305,"2009",NA
"86","2","","  gpppvpm.40","Mean   :0.3  ","Mean",0.3,"2","2009_11_09_39_39.tif",2009-11-09,1050079,0.214602285980872,313,"2009",NA
"87","2","","  gpppvpm.41","Mean   :0.1  ","Mean",0.1,"2","2009_11_17_40_40.tif",2009-11-17,1050079,0.214602285980872,321,"2009",NA
"88","2","","  gpppvpm.42","Mean   :0.1  ","Mean",0.1,"2","2009_11_25_41_41.tif",2009-11-25,1050079,0.214602285980872,329,"2009",NA
"89","2","","  gpppvpm.43","Mean   : 0.1  ","Mean",0.1,"2","2009_12_03_42_42.tif",2009-12-03,1050079,0.214602285980872,337,"2009",NA
"90","2","","  gpppvpm.44","Mean   : 0.1  ","Mean",0.1,"2","2009_12_11_43_43.tif",2009-12-11,1050079,0.214602285980872,345,"2009",NA
"91","2","","  gpppvpm.45","Mean   : 0.1  ","Mean",0.1,"2","2009_12_19_44_44.tif",2009-12-19,1050079,0.214602285980872,353,"2009",NA
"92","2","","  gpppvpm.46","Mean   : 0.0  ","Mean",NA,"2","2009_12_27_45_45.tif",2009-12-27,1050079,0.214602285980872,361,"2009",NA
"93","3","","  gpppvpm.1","Mean   : 0.0  ","Mean",NA,"3","2010_01_01_0_0.tif",2010-01-01,1054772,0.011471397981034,1,"2010",NA
"94","3","","  gpppvpm.2","Mean   :-0.9  ","Mean",-0.9,"3","2010_01_09_1_1.tif",2010-01-09,1054772,0.011471397981034,9,"2010",NA
"95","3","","  gpppvpm.3","Mean   :0  ","Mean",NA,"3","2010_01_17_2_2.tif",2010-01-17,1054764,0.0420617925971245,17,"2010",NA
"96","3","","  gpppvpm.4","Mean   :-0.1  ","Mean",-0.1,"3","2010_01_25_3_3.tif",2010-01-25,1054755,0.0764759865402264,25,"2010",NA
"97","3","","  gpppvpm.5","Mean   : 0.0  ","Mean",NA,"3","2010_02_02_4_4.tif",2010-02-02,1054732,0.164423371061487,33,"2010",NA
"98","3","","  gpppvpm.6","Mean   : 0.2  ","Mean",0.2,"3","2010_02_10_5_5.tif",2010-02-10,1054682,0.355613337412053,41,"2010",NA
"99","3","","  gpppvpm.7","Mean   :0.3  ","Mean",0.3,"3","2010_02_18_6_6.tif",2010-02-18,1054744,0.118537779137351,49,"2010",NA
"100","3","","  gpppvpm.8","Mean   : 1.0  ","Mean",1,"3","2010_02_26_7_7.tif",2010-02-26,1054595,0.688283878862037,57,"2010",NA
"101","3","","  gpppvpm.9","Mean   :0  ","Mean",NA,"3","2010_03_06_8_8.tif",2010-03-06,1053982,3.03227286631998,65,"2010",NA
"102","3","","  gpppvpm.10","Mean   :0  ","Mean",NA,"3","2010_03_14_9_9.tif",2010-03-14,1052953,6.96696237381462,73,"2010",NA
"103","3","","  gpppvpm.11","Mean   :0  ","Mean",NA,"3","2010_03_22_10_10.tif",2010-03-22,1051684,11.819363719792,81,"2010",NA
"104","3","","  gpppvpm.12","Mean   :0  ","Mean",NA,"3","2010_03_30_11_11.tif",2010-03-30,1050071,17.9871520342612,89,"2010",NA
"105","3","","  gpppvpm.13","Mean   :0.0  ","Mean",NA,"3","2010_04_07_12_12.tif",2010-04-07,1047119,29.2750076475987,97,"2010",NA
"106","3","","  gpppvpm.14","Mean   : 0.1  ","Mean",0.1,"3","2010_04_15_13_13.tif",2010-04-15,1042384,47.3806974609972,105,"2010",0.1
"107","3","","  gpppvpm.15","Mean   : 0.3  ","Mean",0.3,"3","2010_04_23_14_14.tif",2010-04-23,1036785,68.7901498929336,113,"2010",0.3
"108","3","","  gpppvpm.16","Mean   : 1.1  ","Mean",1.1,"3","2010_05_01_15_15.tif",2010-05-01,1032453,85.3548485775466,121,"2010",1.1
"109","3","","  gpppvpm.17","Mean   : 2.1  ","Mean",2.1,"3","2010_05_09_16_16.tif",2010-05-09,1029794,95.5223309880698,129,"2010",2.1
"110","3","","  gpppvpm.18","Mean   : 5.1  ","Mean",5.1,"3","2010_05_17_17_17.tif",2010-05-17,1028762,99.4684918935454,137,"2010",5.1
"111","3","","  gpppvpm.19","Mean   : 8.8  ","Mean",8.8,"3","2010_05_25_18_18.tif",2010-05-25,1028623,100,145,"2010",8.8
"112","3","","  gpppvpm.20","Mean   :11.9  ","Mean",11.9,"3","2010_06_02_19_19.tif",2010-06-02,1028707,99.678800856531,153,"2010",11.9
"113","3","","  gpppvpm.21","Mean   :13.8  ","Mean",13.8,"3","2010_06_10_20_20.tif",2010-06-10,1028792,99.3537779137351,161,"2010",13.8
"114","3","","  gpppvpm.22","Mean   :16.1  ","Mean",16.1,"3","2010_06_18_21_21.tif",2010-06-18,1028856,99.1090547568064,169,"2010",16.1
"115","3","","  gpppvpm.23","Mean   :15.0  ","Mean",15,"3","2010_06_26_22_22.tif",2010-06-26,1028921,98.8605078005506,177,"2010",15
"116","3","","  gpppvpm.24","Mean   :14.6  ","Mean",14.6,"3","2010_07_04_23_23.tif",2010-07-04,1029315,97.3539308657082,185,"2010",14.6
"117","3","","  gpppvpm.25","Mean   :14.8  ","Mean",14.8,"3","2010_07_12_24_24.tif",2010-07-12,1030166,94.0998776384215,193,"2010",14.8
"118","3","","  gpppvpm.26","Mean   :13.7  ","Mean",13.7,"3","2010_07_20_25_25.tif",2010-07-20,1031186,90.19960232487,201,"2010",13.7
"119","3","","  gpppvpm.27","Mean   :11.8  ","Mean",11.8,"3","2010_07_28_26_26.tif",2010-07-28,1032177,86.4102171918018,209,"2010",11.8
"120","3","","  gpppvpm.28","Mean   :10.2  ","Mean",10.2,"3","2010_08_05_27_27.tif",2010-08-05,1033642,80.8083511777302,217,"2010",10.2
"121","3","","  gpppvpm.29","Mean   : 8.2  ","Mean",8.2,"3","2010_08_13_28_28.tif",2010-08-13,1036144,71.2412052615479,225,"2010",8.2
"122","3","","  gpppvpm.30","Mean   : 9.0  ","Mean",9,"3","2010_08_21_29_29.tif",2010-08-21,1039766,57.3914040991129,233,"2010",9
"123","3","","  gpppvpm.31","Mean   : 7.2  ","Mean",7.2,"3","2010_08_29_30_30.tif",2010-08-29,1044239,40.2875497093913,241,"2010",7.2
"124","3","","  gpppvpm.32","Mean   : 5.6  ","Mean",5.6,"3","2010_09_06_31_31.tif",2010-09-06,1048364,24.5143774854696,249,"2010",5.6
"125","3","","  gpppvpm.33","Mean   : 6.1  ","Mean",6.1,"3","2010_09_14_32_32.tif",2010-09-14,1051417,12.840318140104,257,"2010",6.1
"126","3","","  gpppvpm.34","Mean   : 4.7  ","Mean",4.7,"3","2010_09_22_33_33.tif",2010-09-22,1053471,4.98623432242276,265,"2010",4.7
"127","3","","  gpppvpm.35","Mean   : 3.7  ","Mean",3.7,"3","2010_09_30_34_34.tif",2010-09-30,1054410,1.39568675435913,273,"2010",NA
"128","3","","  gpppvpm.36","Mean   : 2.5  ","Mean",2.5,"3","2010_10_08_35_35.tif",2010-10-08,1054697,0.298256347506883,281,"2010",NA
"129","3","","  gpppvpm.37","Mean   : 1.1  ","Mean",1.1,"3","2010_10_16_36_36.tif",2010-10-16,1054752,0.0879473845212603,289,"2010",NA
"130","3","","  gpppvpm.38","Mean   : 0.4  ","Mean",0.4,"3","2010_10_24_37_37.tif",2010-10-24,1054761,0.0535331905781585,297,"2010",NA
"131","3","","  gpppvpm.39","Mean   : 0.3  ","Mean",0.3,"3","2010_11_01_38_38.tif",2010-11-01,1054761,0.0535331905781585,305,"2010",NA
"132","3","","  gpppvpm.40","Mean   : 0.4  ","Mean",0.4,"3","2010_11_09_39_39.tif",2010-11-09,1054761,0.0535331905781585,313,"2010",NA
"133","3","","  gpppvpm.41","Mean   : 0.3  ","Mean",0.3,"3","2010_11_17_40_40.tif",2010-11-17,1054761,0.0535331905781585,321,"2010",NA
"134","3","","  gpppvpm.42","Mean   : 0.3  ","Mean",0.3,"3","2010_11_25_41_41.tif",2010-11-25,1054761,0.0535331905781585,329,"2010",NA
"135","3","","  gpppvpm.43","Mean   : 0.3  ","Mean",0.3,"3","2010_12_03_42_42.tif",2010-12-03,1054761,0.0535331905781585,337,"2010",NA
"136","3","","  gpppvpm.44","Mean   : 0.2  ","Mean",0.2,"3","2010_12_11_43_43.tif",2010-12-11,1054761,0.0535331905781585,345,"2010",NA
"137","3","","  gpppvpm.45","Mean   : 0.3  ","Mean",0.3,"3","2010_12_19_44_44.tif",2010-12-19,1054761,0.0535331905781585,353,"2010",NA
"138","3","","  gpppvpm.46","Mean   : 0.2  ","Mean",0.2,"3","2010_12_27_45_45.tif",2010-12-27,1054761,0.0535331905781585,361,"2010",NA
"139","4","","  gpppvpm.1","Mean   : 0.2  ","Mean",0.2,"4","2011_01_01_0_0.tif",2011-01-01,1054769,0.0329688444420023,1,"2011",NA
"140","4","","  gpppvpm.2","Mean   : 0.0  ","Mean",NA,"4","2011_01_09_1_1.tif",2011-01-09,1054761,0.0769273036980054,9,"2011",NA
"141","4","","  gpppvpm.3","Mean   : 1.1  ","Mean",1.1,"4","2011_01_17_2_2.tif",2011-01-17,1054749,0.14286499258201,17,"2011",NA
"142","4","","  gpppvpm.4","Mean   : 0.0  ","Mean",NA,"4","2011_01_25_3_3.tif",2011-01-25,1054731,0.241771525908017,25,"2011",NA
"143","4","","  gpppvpm.5","Mean   : 0.1  ","Mean",0.1,"4","2011_02_02_4_4.tif",2011-02-02,1054689,0.472553437002033,33,"2011",NA
"144","4","","  gpppvpm.6","Mean   :0  ","Mean",NA,"4","2011_02_10_5_5.tif",2011-02-10,1054604,0.939612066597066,41,"2011",NA
"145","4","","  gpppvpm.7","Mean   :0  ","Mean",NA,"4","2011_02_18_6_6.tif",2011-02-18,1054488,1.57700972580911,49,"2011",NA
"146","4","","  gpppvpm.8","Mean   :0  ","Mean",NA,"4","2011_02_26_7_7.tif",2011-02-26,1054349,2.34078795538216,57,"2011",NA
"147","4","","  gpppvpm.9","Mean   :0  ","Mean",NA,"4","2011_03_06_8_8.tif",2011-03-06,1054110,3.65404692565526,65,"2011",NA
"148","4","","  gpppvpm.10","Mean   :0  ","Mean",NA,"4","2011_03_14_9_9.tif",2011-03-14,1053549,6.73663388098247,73,"2011",NA
"149","4","","  gpppvpm.11","Mean   :0.0  ","Mean",NA,"4","2011_03_22_10_10.tif",2011-03-22,1052780,10.9621407769658,81,"2011",NA
"150","4","","  gpppvpm.12","Mean   : 0.0  ","Mean",NA,"4","2011_03_30_11_11.tif",2011-03-30,1051943,15.5612945766251,89,"2011",NA
"151","4","","  gpppvpm.13","Mean   : 0.1  ","Mean",0.1,"4","2011_04_07_12_12.tif",2011-04-07,1051013,20.6714654651354,97,"2011",0.1
"152","4","","  gpppvpm.14","Mean   : 0.2  ","Mean",0.2,"4","2011_04_15_13_13.tif",2011-04-15,1049659,28.111434694214,105,"2011",0.2
"153","4","","  gpppvpm.15","Mean   : 0.8  ","Mean",0.8,"4","2011_04_23_14_14.tif",2011-04-23,1047628,39.2713885378317,113,"2011",0.8
"154","4","","  gpppvpm.16","Mean   : 1.2  ","Mean",1.2,"4","2011_05_01_15_15.tif",2011-05-01,1044566,56.0964888180669,121,"2011",1.2
"155","4","","  gpppvpm.17","Mean   : 2.0  ","Mean",2,"4","2011_05_09_16_16.tif",2011-05-09,1040902,76.2294631573163,129,"2011",2
"156","4","","  gpppvpm.18","Mean   : 2.4  ","Mean",2.4,"4","2011_05_17_17_17.tif",2011-05-17,1037923,92.5984944227705,137,"2011",2.4
"157","4","","  gpppvpm.19","Mean   :  4.7  ","Mean",4.7,"4","2011_05_25_18_18.tif",2011-05-25,1036668,99.494477718556,145,"2011",4.7
"158","4","","  gpppvpm.20","Mean   :  7.5  ","Mean",7.5,"4","2011_06_02_19_19.tif",2011-06-02,1036576,100,153,"2011",7.5
"159","4","","  gpppvpm.21","Mean   :  9.9  ","Mean",9.9,"4","2011_06_10_20_20.tif",2011-06-10,1036628,99.714270014836,161,"2011",9.9
"160","4","","  gpppvpm.22","Mean   : 11.9  ","Mean",11.9,"4","2011_06_18_21_21.tif",2011-06-18,1036722,99.1977581185779,169,"2011",11.9
"161","4","","  gpppvpm.23","Mean   : 14.2  ","Mean",14.2,"4","2011_06_26_22_22.tif",2011-06-26,1036910,98.1647343260619,177,"2011",14.2
"162","4","","  gpppvpm.24","Mean   :13.5  ","Mean",13.5,"4","2011_07_04_23_23.tif",2011-07-04,1037483,95.0162096818507,185,"2011",13.5
"163","4","","  gpppvpm.25","Mean   :13.4  ","Mean",13.4,"4","2011_07_12_24_24.tif",2011-07-12,1037517,94.8293862300126,193,"2011",13.4
"164","4","","  gpppvpm.26","Mean   :12.1  ","Mean",12.1,"4","2011_07_20_25_25.tif",2011-07-20,1038079,91.7413044672784,201,"2011",12.1
"165","4","","  gpppvpm.27","Mean   :11.3  ","Mean",11.3,"4","2011_07_28_26_26.tif",2011-07-28,1038701,88.3235342601242,209,"2011",11.3
"166","4","","  gpppvpm.28","Mean   :10.7  ","Mean",10.7,"4","2011_08_05_27_27.tif",2011-08-05,1039358,84.7134457937249,217,"2011",10.7
"167","4","","  gpppvpm.29","Mean   :10.5  ","Mean",10.5,"4","2011_08_13_28_28.tif",2011-08-13,1040095,80.6637727347656,225,"2011",10.5
"168","4","","  gpppvpm.30","Mean   :10.2  ","Mean",10.2,"4","2011_08_21_29_29.tif",2011-08-21,1041119,75.0370899499973,233,"2011",10.2
"169","4","","  gpppvpm.31","Mean   : 7.5  ","Mean",7.5,"4","2011_08_29_30_30.tif",2011-08-29,1042510,67.3938128468597,241,"2011",7.5
"170","4","","  gpppvpm.32","Mean   : 8.2  ","Mean",8.2,"4","2011_09_06_31_31.tif",2011-09-06,1044478,56.580031869883,249,"2011",8.2
"171","4","","  gpppvpm.33","Mean   : 4.8  ","Mean",4.8,"4","2011_09_14_32_32.tif",2011-09-14,1047236,41.4253530413759,257,"2011",4.8
"172","4","","  gpppvpm.34","Mean   : 5.1  ","Mean",5.1,"4","2011_09_22_33_33.tif",2011-09-22,1050200,25.1387438870268,265,"2011",5.1
"173","4","","  gpppvpm.35","Mean   : 4.9  ","Mean",4.9,"4","2011_09_30_34_34.tif",2011-09-30,1052812,10.7863069399418,273,"2011",4.9
"174","4","","  gpppvpm.36","Mean   : 3.4  ","Mean",3.4,"4","2011_10_08_35_35.tif",2011-10-08,1054253,2.8682894664542,281,"2011",NA
"175","4","","  gpppvpm.37","Mean   : 1.7  ","Mean",1.7,"4","2011_10_16_36_36.tif",2011-10-16,1054672,0.56596516292104,289,"2011",NA
"176","4","","  gpppvpm.38","Mean   : 1.2  ","Mean",1.2,"4","2011_10_24_37_37.tif",2011-10-24,1054731,0.241771525908017,297,"2011",NA
"177","4","","  gpppvpm.39","Mean   : 1.5  ","Mean",1.5,"4","2011_11_01_38_38.tif",2011-11-01,1054744,0.170339029617012,305,"2011",NA
"178","4","","  gpppvpm.40","Mean   : 1.5  ","Mean",1.5,"4","2011_11_09_39_39.tif",2011-11-09,1054748,0.14835979998901,313,"2011",NA
"179","4","","  gpppvpm.41","Mean   : 1.3  ","Mean",1.3,"4","2011_11_17_40_40.tif",2011-11-17,1054748,0.14835979998901,321,"2011",NA
"180","4","","  gpppvpm.42","Mean   : 1.8  ","Mean",1.8,"4","2011_11_25_41_41.tif",2011-11-25,1054750,0.13737018517501,329,"2011",NA
"181","4","","  gpppvpm.43","Mean   : 1.3  ","Mean",1.3,"4","2011_12_03_42_42.tif",2011-12-03,1054752,0.126380570361009,337,"2011",NA
"182","4","","  gpppvpm.44","Mean   : 1.5  ","Mean",1.5,"4","2011_12_11_43_43.tif",2011-12-11,1054752,0.126380570361009,345,"2011",NA
"183","4","","  gpppvpm.45","Mean   : 1.1  ","Mean",1.1,"4","2011_12_19_44_44.tif",2011-12-19,1054752,0.126380570361009,353,"2011",NA
"184","4","","  gpppvpm.46","Mean   : 2.5  ","Mean",2.5,"4","2011_12_27_45_45.tif",2011-12-27,1054756,0.104401340733007,361,"2011",NA
"185","5","","  gpppvpm.1","Mean   :0  ","Mean",NA,"5","2012_01_01_0_0.tif",2012-01-01,1030273,0.0209577700932621,1,"2012",NA
"186","5","","  gpppvpm.2","Mean   :0  ","Mean",NA,"5","2012_01_09_1_1.tif",2012-01-09,1030220,0.298648223828985,9,"2012",NA
"187","5","","  gpppvpm.3","Mean   :0  ","Mean",NA,"5","2012_01_17_2_2.tif",2012-01-17,1030212,0.340563764015509,17,"2012",NA
"188","5","","  gpppvpm.4","Mean   :0  ","Mean",NA,"5","2012_01_25_3_3.tif",2012-01-25,1030187,0.471549827098397,25,"2012",NA
"189","5","","  gpppvpm.5","Mean   :0  ","Mean",NA,"5","2012_02_02_4_4.tif",2012-02-02,1030137,0.733521953264173,33,"2012",NA
"190","5","","  gpppvpm.6","Mean   : 0.1  ","Mean",0.1,"5","2012_02_10_5_5.tif",2012-02-10,1030107,0.890705228963638,41,"2012",NA
"191","5","","  gpppvpm.7","Mean   :0  ","Mean",NA,"5","2012_02_18_6_6.tif",2012-02-18,1029982,1.54563554437808,49,"2012",NA
"192","5","","  gpppvpm.8","Mean   :0  ","Mean",NA,"5","2012_02_26_7_7.tif",2012-02-26,1029792,2.54112962380803,57,"2012",NA
"193","5","","  gpppvpm.9","Mean   :0.0  ","Mean",NA,"5","2012_03_05_8_8.tif",2012-03-05,1029532,3.90338467987006,65,"2012",NA
"194","5","","  gpppvpm.10","Mean   : 0.0  ","Mean",NA,"5","2012_03_13_9_9.tif",2012-03-13,1029133,5.99392224667295,73,"2012",NA
"195","5","","  gpppvpm.11","Mean   : 0.1  ","Mean",0.1,"5","2012_03_21_10_10.tif",2012-03-21,1028404,9.81347584616997,81,"2012",0.1
"196","5","","  gpppvpm.12","Mean   : 0.3  ","Mean",0.3,"5","2012_03_29_11_11.tif",2012-03-29,1027005,17.1434559362884,89,"2012",0.3
"197","5","","  gpppvpm.13","Mean   : 0.5  ","Mean",0.5,"5","2012_04_06_12_12.tif",2012-04-06,1024893,28.2091585455308,97,"2012",0.5
"198","5","","  gpppvpm.14","Mean   : 0.7  ","Mean",0.7,"5","2012_04_14_13_13.tif",2012-04-14,1022009,43.3197107827727,105,"2012",0.7
"199","5","","  gpppvpm.15","Mean   : 1.1  ","Mean",1.1,"5","2012_04_22_14_14.tif",2012-04-22,1017326,67.8560201194593,113,"2012",1.1
"200","5","","  gpppvpm.16","Mean   : 2.2  ","Mean",2.2,"5","2012_04_30_15_15.tif",2012-04-30,1013963,85.4762653253694,121,"2012",2.2
"201","5","","  gpppvpm.17","Mean   : 3.6  ","Mean",3.6,"5","2012_05_08_16_16.tif",2012-05-08,1012395,93.6917112019281,129,"2012",3.6
"202","5","","  gpppvpm.18","Mean   : 6.7  ","Mean",6.7,"5","2012_05_16_17_17.tif",2012-05-16,1011469,98.5434349785183,137,"2012",6.7
"203","5","","  gpppvpm.19","Mean   :10.4  ","Mean",10.4,"5","2012_05_24_18_18.tif",2012-05-24,1011191,100,145,"2012",10.4
"204","5","","  gpppvpm.20","Mean   :14.1  ","Mean",14.1,"5","2012_06_01_19_19.tif",2012-06-01,1011195,99.9790422299067,153,"2012",14.1
"205","5","","  gpppvpm.21","Mean   :18.7  ","Mean",18.7,"5","2012_06_09_20_20.tif",2012-06-09,1011250,99.6908728911244,161,"2012",18.7
"206","5","","  gpppvpm.22","Mean   :21.2  ","Mean",21.2,"5","2012_06_17_21_21.tif",2012-06-17,1011360,99.1145342135597,169,"2012",21.2
"207","5","","  gpppvpm.23","Mean   :21.7  ","Mean",21.7,"5","2012_06_25_22_22.tif",2012-06-25,1011572,98.0037723986168,177,"2012",21.7
"208","5","","  gpppvpm.24","Mean   :16.2  ","Mean",16.2,"5","2012_07_03_23_23.tif",2012-07-03,1011776,96.9349261238604,185,"2012",16.2
"209","5","","  gpppvpm.25","Mean   :15.9  ","Mean",15.9,"5","2012_07_11_24_24.tif",2012-07-11,1012087,95.3054594991093,193,"2012",15.9
"210","5","","  gpppvpm.26","Mean   :17.2  ","Mean",17.2,"5","2012_07_19_25_25.tif",2012-07-19,1012586,92.6909776799748,201,"2012",17.2
"211","5","","  gpppvpm.27","Mean   :13.8  ","Mean",13.8,"5","2012_07_27_26_26.tif",2012-07-27,1013406,88.3946348108561,209,"2012",13.8
"212","5","","  gpppvpm.28","Mean   :13.5  ","Mean",13.5,"5","2012_08_04_27_27.tif",2012-08-04,1014762,81.2899507492403,217,"2012",13.5
"213","5","","  gpppvpm.29","Mean   :10.5  ","Mean",10.5,"5","2012_08_12_28_28.tif",2012-08-12,1016491,72.2309546264277,225,"2012",10.5
"214","5","","  gpppvpm.30","Mean   : 9.7  ","Mean",9.7,"5","2012_08_20_29_29.tif",2012-08-20,1018648,60.9294771036362,233,"2012",9.7
"215","5","","  gpppvpm.31","Mean   : 8.2  ","Mean",8.2,"5","2012_08_28_30_30.tif",2012-08-28,1022102,42.8324426281044,241,"2012",8.2
"216","5","","  gpppvpm.32","Mean   : 9.0  ","Mean",9,"5","2012_09_05_31_31.tif",2012-09-05,1025692,24.0228439694017,249,"2012",9
"217","5","","  gpppvpm.33","Mean   : 4.7  ","Mean",4.7,"5","2012_09_13_32_32.tif",2012-09-13,1027775,13.1090851933354,257,"2012",4.7
"218","5","","  gpppvpm.34","Mean   : 5.8  ","Mean",5.8,"5","2012_09_21_33_33.tif",2012-09-21,1028916,7.13088127423242,265,"2012",5.8
"219","5","","  gpppvpm.35","Mean   :2.9  ","Mean",2.9,"5","2012_09_29_34_34.tif",2012-09-29,1029709,2.97600335324322,273,"2012",NA
"220","5","","  gpppvpm.36","Mean   :2.3  ","Mean",2.3,"5","2012_10_07_35_35.tif",2012-10-07,1030105,0.901184114010269,281,"2012",NA
"221","5","","  gpppvpm.37","Mean   :2.0  ","Mean",2,"5","2012_10_15_36_36.tif",2012-10-15,1030188,0.466310384575081,289,"2012",NA
"222","5","","  gpppvpm.38","Mean   :1.4  ","Mean",1.4,"5","2012_10_23_37_37.tif",2012-10-23,1030204,0.382479304202033,297,"2012",NA
"223","5","","  gpppvpm.39","Mean   :1.1  ","Mean",1.1,"5","2012_10_31_38_38.tif",2012-10-31,1030206,0.372000419155402,305,"2012",NA
"224","5","","  gpppvpm.40","Mean   :1.2  ","Mean",1.2,"5","2012_11_08_39_39.tif",2012-11-08,1030208,0.361521534108771,313,"2012",NA
"225","5","","  gpppvpm.41","Mean   : 1.4  ","Mean",1.4,"5","2012_11_16_40_40.tif",2012-11-16,1030208,0.361521534108771,321,"2012",NA
"226","5","","  gpppvpm.42","Mean   : 0.9  ","Mean",0.9,"5","2012_11_24_41_41.tif",2012-11-24,1030208,0.361521534108771,329,"2012",NA
"227","5","","  gpppvpm.43","Mean   : 0.6  ","Mean",0.6,"5","2012_12_02_42_42.tif",2012-12-02,1030208,0.361521534108771,337,"2012",NA
"228","5","","  gpppvpm.44","Mean   : 0.9  ","Mean",0.9,"5","2012_12_10_43_43.tif",2012-12-10,1030208,0.361521534108771,345,"2012",NA
"229","5","","  gpppvpm.45","Mean   : 0.8  ","Mean",0.8,"5","2012_12_18_44_44.tif",2012-12-18,1030208,0.361521534108771,353,"2012",NA
"230","5","","  gpppvpm.46","Mean   : 0.1  ","Mean",0.1,"5","2012_12_26_45_45.tif",2012-12-26,1030209,0.356282091585455,361,"2012",NA
"231","6","","  gpppvpm.1","Mean   :3.8  ","Mean",3.8,"6","2013_01_01_0_0.tif",2013-01-01,1056508,0.012685525815045,1,"2013",NA
"232","6","","  gpppvpm.2","Mean   :0  ","Mean",NA,"6","2013_01_09_1_1.tif",2013-01-09,1056507,0.0190282887225676,9,"2013",NA
"233","6","","  gpppvpm.3","Mean   :0  ","Mean",NA,"6","2013_01_17_2_2.tif",2013-01-17,1056507,0.0190282887225676,17,"2013",NA
"234","6","","  gpppvpm.4","Mean   :0  ","Mean",NA,"6","2013_01_25_3_3.tif",2013-01-25,1056497,0.0824559177977927,25,"2013",NA
"235","6","","  gpppvpm.5","Mean   :0  ","Mean",NA,"6","2013_02_02_4_4.tif",2013-02-02,1056479,0.196625650133198,33,"2013",NA
"236","6","","  gpppvpm.6","Mean   :0.0  ","Mean",NA,"6","2013_02_10_5_5.tif",2013-02-10,1056425,0.539134847139414,41,"2013",NA
"237","6","","  gpppvpm.7","Mean   : 0.9  ","Mean",0.9,"6","2013_02_18_6_6.tif",2013-02-18,1056349,1.02118482811113,49,"2013",NA
"238","6","","  gpppvpm.8","Mean   : 0.5  ","Mean",0.5,"6","2013_02_26_7_7.tif",2013-02-26,1056375,0.85627299251554,57,"2013",NA
"239","6","","  gpppvpm.9","Mean   :0  ","Mean",NA,"6","2013_03_06_8_8.tif",2013-03-06,1055959,3.49486236204491,65,"2013",NA
"240","6","","  gpppvpm.10","Mean   :0  ","Mean",NA,"6","2013_03_14_9_9.tif",2013-03-14,1055723,4.99175440822022,73,"2013",NA
"241","6","","  gpppvpm.11","Mean   :0  ","Mean",NA,"6","2013_03_22_10_10.tif",2013-03-22,1055609,5.71482937967779,81,"2013",NA
"242","6","","  gpppvpm.12","Mean   :0  ","Mean",NA,"6","2013_03_30_11_11.tif",2013-03-30,1054836,10.6177851071927,89,"2013",NA
"243","6","","  gpppvpm.13","Mean   :0  ","Mean",NA,"6","2013_04_07_12_12.tif",2013-04-07,1053827,17.0176328808829,97,"2013",NA
"244","6","","  gpppvpm.14","Mean   :0.0  ","Mean",NA,"6","2013_04_15_13_13.tif",2013-04-15,1052029,28.4219205886084,105,"2013",NA
"245","6","","  gpppvpm.15","Mean   : 0.0  ","Mean",NA,"6","2013_04_23_14_14.tif",2013-04-23,1049400,45.0970442724851,113,"2013",NA
"246","6","","  gpppvpm.16","Mean   : 0.1  ","Mean",0.1,"6","2013_05_01_15_15.tif",2013-05-01,1046335,64.5376125840416,121,"2013",0.1
"247","6","","  gpppvpm.17","Mean   : 0.4  ","Mean",0.4,"6","2013_05_09_16_16.tif",2013-05-09,1043322,83.648357224407,129,"2013",0.4
"248","6","","  gpppvpm.18","Mean   : 1.3  ","Mean",1.3,"6","2013_05_17_17_17.tif",2013-05-17,1041374,96.0040593682608,137,"2013",1.3
"249","6","","  gpppvpm.19","Mean   : 3.6  ","Mean",3.6,"6","2013_05_25_18_18.tif",2013-05-25,1040792,99.6955473804389,145,"2013",3.6
"250","6","","  gpppvpm.20","Mean   : 6.8  ","Mean",6.8,"6","2013_06_02_19_19.tif",2013-06-02,1040744,100,153,"2013",6.8
"251","6","","  gpppvpm.21","Mean   :11.7  ","Mean",11.7,"6","2013_06_10_20_20.tif",2013-06-10,1040901,99.004186223519,161,"2013",11.7
"252","6","","  gpppvpm.22","Mean   : 15.6  ","Mean",15.6,"6","2013_06_18_21_21.tif",2013-06-18,1040989,98.446023087657,169,"2013",15.6
"253","6","","  gpppvpm.23","Mean   : 17.3  ","Mean",17.3,"6","2013_06_26_22_22.tif",2013-06-26,1041216,97.0062159076494,177,"2013",17.3
"254","6","","  gpppvpm.24","Mean   :17.2  ","Mean",17.2,"6","2013_07_04_23_23.tif",2013-07-04,1041201,97.1013573512622,185,"2013",17.2
"255","6","","  gpppvpm.25","Mean   :17.9  ","Mean",17.9,"6","2013_07_12_24_24.tif",2013-07-12,1041396,95.8645185842953,193,"2013",17.9
"256","6","","  gpppvpm.26","Mean   :14.6  ","Mean",14.6,"6","2013_07_20_25_25.tif",2013-07-20,1041625,94.4120258784727,201,"2013",14.6
"257","6","","  gpppvpm.27","Mean   :13.4  ","Mean",13.4,"6","2013_07_28_26_26.tif",2013-07-28,1041946,92.3759989851579,209,"2013",13.4
"258","6","","  gpppvpm.28","Mean   :11.8  ","Mean",11.8,"6","2013_08_05_27_27.tif",2013-08-05,1042474,89.027020169986,217,"2013",11.8
"259","6","","  gpppvpm.29","Mean   :11.8  ","Mean",11.8,"6","2013_08_13_28_28.tif",2013-08-13,1043340,83.5341874920715,225,"2013",11.8
"260","6","","  gpppvpm.30","Mean   :12.0  ","Mean",12,"6","2013_08_21_29_29.tif",2013-08-21,1044704,74.8826588862108,233,"2013",12
"261","6","","  gpppvpm.31","Mean   :11.2  ","Mean",11.2,"6","2013_08_29_30_30.tif",2013-08-29,1046610,62.7933527844729,241,"2013",11.2
"262","6","","  gpppvpm.32","Mean   : 8.1  ","Mean",8.1,"6","2013_09_06_31_31.tif",2013-09-06,1048857,48.5411645312698,249,"2013",8.1
"263","6","","  gpppvpm.33","Mean   : 7.3  ","Mean",7.3,"6","2013_09_14_32_32.tif",2013-09-14,1051428,32.2339210960294,257,"2013",7.3
"264","6","","  gpppvpm.34","Mean   : 6.0  ","Mean",6,"6","2013_09_22_33_33.tif",2013-09-22,1053802,17.176201953571,265,"2013",6
"265","6","","  gpppvpm.35","Mean   :4.5  ","Mean",4.5,"6","2013_09_30_34_34.tif",2013-09-30,1055499,6.41253329950526,273,"2013",4.5
"266","6","","  gpppvpm.36","Mean   :3.4  ","Mean",3.4,"6","2013_10_08_35_35.tif",2013-10-08,1056258,1.59837625269567,281,"2013",NA
"267","6","","  gpppvpm.37","Mean   :2.6  ","Mean",2.6,"6","2013_10_16_36_36.tif",2013-10-16,1056448,0.393251300266396,289,"2013",NA
"268","6","","  gpppvpm.38","Mean   :2.1  ","Mean",2.1,"6","2013_10_24_37_37.tif",2013-10-24,1056485,0.158569072688063,297,"2013",NA
"269","6","","  gpppvpm.39","Mean   :1.9  ","Mean",1.9,"6","2013_11_01_38_38.tif",2013-11-01,1056490,0.12685525815045,305,"2013",NA
"270","6","","  gpppvpm.40","Mean   :1.8  ","Mean",1.8,"6","2013_11_09_39_39.tif",2013-11-09,1056494,0.10148420652036,313,"2013",NA
"271","6","","  gpppvpm.41","Mean   :1.6  ","Mean",1.6,"6","2013_11_17_40_40.tif",2013-11-17,1056497,0.0824559177977927,321,"2013",NA
"272","6","","  gpppvpm.42","Mean   :1.1  ","Mean",1.1,"6","2013_11_25_41_41.tif",2013-11-25,1056499,0.0697703919827477,329,"2013",NA
"273","6","","  gpppvpm.43","Mean   :0.6  ","Mean",0.6,"6","2013_12_03_42_42.tif",2013-12-03,1056500,0.0634276290752252,337,"2013",NA
"274","6","","  gpppvpm.44","Mean   :1.5  ","Mean",1.5,"6","2013_12_11_43_43.tif",2013-12-11,1056503,0.0443993403526576,345,"2013",NA
"275","6","","  gpppvpm.45","Mean   :1.7  ","Mean",1.7,"6","2013_12_19_44_44.tif",2013-12-19,1056503,0.0443993403526576,353,"2013",NA
"276","6","","  gpppvpm.46","Mean   :1.1  ","Mean",1.1,"6","2013_12_27_45_45.tif",2013-12-27,1056506,0.0253710516300901,361,"2013",NA
"277","7","","  gpppvpm.1","Mean   : 0.1  ","Mean",0.1,"7","2014_01_01_0_0.tif",2014-01-01,1060198,0.00872752661895619,1,"2014",NA
"278","7","","  gpppvpm.2","Mean   :-0.6  ","Mean",-0.6,"7","2014_01_09_1_1.tif",2014-01-09,1060116,0.36655611799616,9,"2014",NA
"279","7","","  gpppvpm.3","Mean   :-0.2  ","Mean",-0.2,"7","2014_01_17_2_2.tif",2014-01-17,1060113,0.379647407924594,17,"2014",NA
"280","7","","  gpppvpm.4","Mean   : 0.2  ","Mean",0.2,"7","2014_01_25_3_3.tif",2014-01-25,1060119,0.353464828067726,25,"2014",NA
"281","7","","  gpppvpm.5","Mean   : 0.0  ","Mean",NA,"7","2014_02_02_4_4.tif",2014-02-02,1060103,0.423285041019375,33,"2014",NA
"282","7","","  gpppvpm.6","Mean   : 0.2  ","Mean",0.2,"7","2014_02_10_5_5.tif",2014-02-10,1060171,0.126549135974865,41,"2014",NA
"283","7","","  gpppvpm.7","Mean   :0  ","Mean",NA,"7","2014_02_18_6_6.tif",2014-02-18,1059988,0.925117821609356,49,"2014",NA
"284","7","","  gpppvpm.8","Mean   :0  ","Mean",NA,"7","2014_02_26_7_7.tif",2014-02-26,1059909,1.26985512305813,57,"2014",NA
"285","7","","  gpppvpm.9","Mean   :0  ","Mean",NA,"7","2014_03_06_8_8.tif",2014-03-06,1059800,1.74550532379124,65,"2014",NA
"286","7","","  gpppvpm.10","Mean   :0  ","Mean",NA,"7","2014_03_14_9_9.tif",2014-03-14,1059605,2.59643916913947,73,"2014",NA
"287","7","","  gpppvpm.11","Mean   :0  ","Mean",NA,"7","2014_03_22_10_10.tif",2014-03-22,1059243,4.17612148717054,81,"2014",NA
"288","7","","  gpppvpm.12","Mean   :0  ","Mean",NA,"7","2014_03_30_11_11.tif",2014-03-30,1058673,6.66346657357305,89,"2014",NA
"289","7","","  gpppvpm.13","Mean   :0  ","Mean",NA,"7","2014_04_07_12_12.tif",2014-04-07,1057745,10.7130389247687,97,"2014",NA
"290","7","","  gpppvpm.14","Mean   :0.0  ","Mean",NA,"7","2014_04_15_13_13.tif",2014-04-15,1055944,18.5721766451388,105,"2014",NA
"291","7","","  gpppvpm.15","Mean   : 0.0  ","Mean",NA,"7","2014_04_23_14_14.tif",2014-04-23,1051631,37.3930877989178,113,"2014",NA
"292","7","","  gpppvpm.16","Mean   : 0.2  ","Mean",0.2,"7","2014_05_01_15_15.tif",2014-05-01,1045314,64.9589806248909,121,"2014",0.2
"293","7","","  gpppvpm.17","Mean   : 0.4  ","Mean",0.4,"7","2014_05_09_16_16.tif",2014-05-09,1040322,86.7428870658055,129,"2014",0.4
"294","7","","  gpppvpm.18","Mean   : 1.4  ","Mean",1.4,"7","2014_05_17_17_17.tif",2014-05-17,1037981,96.9584569732938,137,"2014",1.4
"295","7","","  gpppvpm.19","Mean   : 3.4  ","Mean",3.4,"7","2014_05_25_18_18.tif",2014-05-25,1037363,99.6552626985512,145,"2014",3.4
"296","7","","  gpppvpm.20","Mean   : 6.9  ","Mean",6.9,"7","2014_06_02_19_19.tif",2014-06-02,1037284,100,153,"2014",6.9
"297","7","","  gpppvpm.21","Mean   :11.7  ","Mean",11.7,"7","2014_06_10_20_20.tif",2014-06-10,1037324,99.8254494676209,161,"2014",11.7
"298","7","","  gpppvpm.22","Mean   :15.9  ","Mean",15.9,"7","2014_06_18_21_21.tif",2014-06-18,1037388,99.5461686158143,169,"2014",15.9
"299","7","","  gpppvpm.23","Mean   :17.5  ","Mean",17.5,"7","2014_06_26_22_22.tif",2014-06-26,1037473,99.1752487345086,177,"2014",17.5
"300","7","","  gpppvpm.24","Mean   :18.8  ","Mean",18.8,"7","2014_07_04_23_23.tif",2014-07-04,1037536,98.9003316460115,185,"2014",18.8
"301","7","","  gpppvpm.25","Mean   :15.8  ","Mean",15.8,"7","2014_07_12_24_24.tif",2014-07-12,1037692,98.2195845697329,193,"2014",15.8
"302","7","","  gpppvpm.26","Mean   :19.6  ","Mean",19.6,"7","2014_07_20_25_25.tif",2014-07-20,1037946,97.1111886891255,201,"2014",19.6
"303","7","","  gpppvpm.27","Mean   :14.8  ","Mean",14.8,"7","2014_07_28_26_26.tif",2014-07-28,1038303,95.5533251876418,209,"2014",14.8
"304","7","","  gpppvpm.28","Mean   :16.7  ","Mean",16.7,"7","2014_08_05_27_27.tif",2014-08-05,1038887,93.0048874149066,217,"2014",16.7
"305","7","","  gpppvpm.29","Mean   :14.6  ","Mean",14.6,"7","2014_08_13_28_28.tif",2014-08-13,1039610,89.849886542154,225,"2014",14.6
"306","7","","  gpppvpm.30","Mean   :13.0  ","Mean",13,"7","2014_08_21_29_29.tif",2014-08-21,1040890,84.264269506022,233,"2014",13
"307","7","","  gpppvpm.31","Mean   : 9.4  ","Mean",9.4,"7","2014_08_29_30_30.tif",2014-08-29,1043680,72.0893698725781,241,"2014",9.4
"308","7","","  gpppvpm.32","Mean   : 6.8  ","Mean",6.8,"7","2014_09_06_31_31.tif",2014-09-06,1048213,52.3084307907139,249,"2014",6.8
"309","7","","  gpppvpm.33","Mean   : 6.6  ","Mean",6.6,"7","2014_09_14_32_32.tif",2014-09-14,1053262,30.275789841159,257,"2014",6.6
"310","7","","  gpppvpm.34","Mean   : 6.3  ","Mean",6.3,"7","2014_09_22_33_33.tif",2014-09-22,1057055,13.7240356083086,265,"2014",6.3
"311","7","","  gpppvpm.35","Mean   : 4.9  ","Mean",4.9,"7","2014_09_30_34_34.tif",2014-09-30,1059109,4.7608657706406,273,"2014",4.9
"312","7","","  gpppvpm.36","Mean   : 2.3  ","Mean",2.3,"7","2014_10_08_35_35.tif",2014-10-08,1059838,1.57968231803107,281,"2014",NA
"313","7","","  gpppvpm.37","Mean   : 1.5  ","Mean",1.5,"7","2014_10_16_36_36.tif",2014-10-16,1060041,0.693838366207017,289,"2014",NA
"314","7","","  gpppvpm.38","Mean   : 0.7  ","Mean",0.7,"7","2014_10_24_37_37.tif",2014-10-24,1060073,0.554197940303718,297,"2014",NA
"315","7","","  gpppvpm.39","Mean   : 0.3  ","Mean",0.3,"7","2014_11_01_38_38.tif",2014-11-01,1060075,0.545470413684762,305,"2014",NA
"316","7","","  gpppvpm.40","Mean   : 0.2  ","Mean",0.2,"7","2014_11_09_39_39.tif",2014-11-09,1060075,0.545470413684762,313,"2014",NA
"317","7","","  gpppvpm.41","Mean   : 0.2  ","Mean",0.2,"7","2014_11_17_40_40.tif",2014-11-17,1060076,0.541106650375284,321,"2014",NA
"318","7","","  gpppvpm.42","Mean   : 0.1  ","Mean",0.1,"7","2014_11_25_41_41.tif",2014-11-25,1060076,0.541106650375284,329,"2014",NA
"319","7","","  gpppvpm.43","Mean   : 0.1  ","Mean",0.1,"7","2014_12_03_42_42.tif",2014-12-03,1060077,0.536742887065806,337,"2014",NA
"320","7","","  gpppvpm.44","Mean   : 0.1  ","Mean",0.1,"7","2014_12_11_43_43.tif",2014-12-11,1060078,0.532379123756327,345,"2014",NA
"321","7","","  gpppvpm.45","Mean   : 0.1  ","Mean",0.1,"7","2014_12_19_44_44.tif",2014-12-19,1060079,0.528015360446849,353,"2014",NA
"322","7","","  gpppvpm.46","Mean   : 0.1  ","Mean",0.1,"7","2014_12_27_45_45.tif",2014-12-27,1060084,0.506196543899459,361,"2014",NA
"323","8","","  gpppvpm.1","Mean   :309.7  ","Mean",309.7,"8","2015_01_01_0_0.tif",2015-01-01,1060198,0.0102737966815637,1,"2015",NA
"324","8","","  gpppvpm.2","Mean   : 33.0  ","Mean",33,"8","2015_01_09_1_1.tif",2015-01-09,1060191,0.0462320850670365,9,"2015",NA
"325","8","","  gpppvpm.3","Mean   : 944.1  ","Mean",944.1,"8","2015_01_17_2_2.tif",2015-01-17,1060197,0.0154106950223455,17,"2015",NA
"326","8","","  gpppvpm.4","Mean   : 749.8  ","Mean",749.8,"8","2015_01_25_3_3.tif",2015-01-25,1060195,0.0256844917039092,25,"2015",NA
"327","8","","  gpppvpm.5","Mean   :0  ","Mean",NA,"8","2015_02_02_4_4.tif",2015-02-02,1060188,0.061642780089382,33,"2015",NA
"328","8","","  gpppvpm.6","Mean   : 0.1  ","Mean",0.1,"8","2015_02_10_5_5.tif",2015-02-10,1060128,0.369856680536292,41,"2015",NA
"329","8","","  gpppvpm.7","Mean   : 0.1  ","Mean",0.1,"8","2015_02_18_6_6.tif",2015-02-18,1060089,0.570195715826784,49,"2015",NA
"330","8","","  gpppvpm.8","Mean   : 0.1  ","Mean",0.1,"8","2015_02_26_7_7.tif",2015-02-26,1060025,0.898957209636821,57,"2015",NA
"331","8","","  gpppvpm.9","Mean   :0  ","Mean",NA,"8","2015_03_06_8_8.tif",2015-03-06,1059841,1.84414650434068,65,"2015",NA
"332","8","","  gpppvpm.10","Mean   :0  ","Mean",NA,"8","2015_03_14_9_9.tif",2015-03-14,1059493,3.63178712693276,73,"2015",NA
"333","8","","  gpppvpm.11","Mean   :0  ","Mean",NA,"8","2015_03_22_10_10.tif",2015-03-22,1058510,8.6813581959213,81,"2015",NA
"334","8","","  gpppvpm.12","Mean   :0  ","Mean",NA,"8","2015_03_30_11_11.tif",2015-03-30,1057310,14.8456362048595,89,"2015",NA
"335","8","","  gpppvpm.13","Mean   :0.0  ","Mean",NA,"8","2015_04_07_12_12.tif",2015-04-07,1056547,18.765089638876,97,"2015",NA
"336","8","","  gpppvpm.14","Mean   : 0.2  ","Mean",0.2,"8","2015_04_15_13_13.tif",2015-04-15,1055125,26.0697590794678,105,"2015",0.2
"337","8","","  gpppvpm.15","Mean   : 0.4  ","Mean",0.4,"8","2015_04_23_14_14.tif",2015-04-23,1051875,42.7646786870088,113,"2015",0.4
"338","8","","  gpppvpm.16","Mean   : 0.9  ","Mean",0.9,"8","2015_05_01_15_15.tif",2015-05-01,1047379,65.8601736271639,121,"2015",0.9
"339","8","","  gpppvpm.17","Mean   :  1.5  ","Mean",1.5,"8","2015_05_09_16_16.tif",2015-05-09,1043148,87.5943905070119,129,"2015",1.5
"340","8","","  gpppvpm.18","Mean   :  2.9  ","Mean",2.9,"8","2015_05_17_17_17.tif",2015-05-17,1041205,97.575383983151,137,"2015",2.9
"341","8","","  gpppvpm.19","Mean   :  4.6  ","Mean",4.6,"8","2015_05_25_18_18.tif",2015-05-25,1040756,99.881851338162,145,"2015",4.6
"342","8","","  gpppvpm.20","Mean   : 8.2  ","Mean",8.2,"8","2015_06_02_19_19.tif",2015-06-02,1040733,100,153,"2015",8.2
"343","8","","  gpppvpm.21","Mean   : 12.0  ","Mean",12,"8","2015_06_10_20_20.tif",2015-06-10,1040752,99.9023989315252,161,"2015",12
"344","8","","  gpppvpm.22","Mean   : 11.9  ","Mean",11.9,"8","2015_06_18_21_21.tif",2015-06-18,1040813,99.5890481327375,169,"2015",11.9
"345","8","","  gpppvpm.23","Mean   : 13.6  ","Mean",13.6,"8","2015_06_26_22_22.tif",2015-06-26,1040900,99.1421379770894,177,"2015",13.6
"346","8","","  gpppvpm.24","Mean   :15.6  ","Mean",15.6,"8","2015_07_04_23_23.tif",2015-07-04,1041023,98.5102994811733,185,"2015",15.6
"347","8","","  gpppvpm.25","Mean   :16.9  ","Mean",16.9,"8","2015_07_12_24_24.tif",2015-07-12,1041280,97.1901166075923,193,"2015",16.9
"348","8","","  gpppvpm.26","Mean   :13.7  ","Mean",13.7,"8","2015_07_20_25_25.tif",2015-07-20,1042015,93.4144963271177,201,"2015",13.7
"349","8","","  gpppvpm.27","Mean   :15.2  ","Mean",15.2,"8","2015_07_28_26_26.tif",2015-07-28,1042985,88.4317049365593,209,"2015",15.2
"350","8","","  gpppvpm.28","Mean   :12.2  ","Mean",12.2,"8","2015_08_05_27_27.tif",2015-08-05,1043761,84.4454718241126,217,"2015",12.2
"351","8","","  gpppvpm.29","Mean   :10.9  ","Mean",10.9,"8","2015_08_13_28_28.tif",2015-08-13,1044280,81.7794215852468,225,"2015",10.9
"352","8","","  gpppvpm.30","Mean   : 9.5  ","Mean",9.5,"8","2015_08_21_29_29.tif",2015-08-21,1045282,76.6322494477834,233,"2015",9.5
"353","8","","  gpppvpm.31","Mean   : 7.0  ","Mean",7,"8","2015_08_29_30_30.tif",2015-08-29,1047371,65.9012688138902,241,"2015",7
"354","8","","  gpppvpm.32","Mean   : 6.1  ","Mean",6.1,"8","2015_09_06_31_31.tif",2015-09-06,1050723,48.6823855755895,249,"2015",6.1
"355","8","","  gpppvpm.33","Mean   : 5.6  ","Mean",5.6,"8","2015_09_14_32_32.tif",2015-09-14,1054486,29.3522371192274,257,"2015",5.6
"356","8","","  gpppvpm.34","Mean   : 4.2  ","Mean",4.2,"8","2015_09_22_33_33.tif",2015-09-22,1057788,12.3901987979658,265,"2015",4.2
"357","8","","  gpppvpm.35","Mean   : 3.2  ","Mean",3.2,"8","2015_09_30_34_34.tif",2015-09-30,1059475,3.72425129706683,273,"2015",3.2
"358","8","","  gpppvpm.36","Mean   : 2.5  ","Mean",2.5,"8","2015_10_08_35_35.tif",2015-10-08,1060060,0.719165767709457,281,"2015",NA
"359","8","","  gpppvpm.37","Mean   : 1.0  ","Mean",1,"8","2015_10_16_36_36.tif",2015-10-16,1060160,0.205475933631273,289,"2015",NA
"360","8","","  gpppvpm.38","Mean   : 0.2  ","Mean",0.2,"8","2015_10_24_37_37.tif",2015-10-24,1060169,0.159243848564237,297,"2015",NA
"361","8","","  gpppvpm.39","Mean   : 0.2  ","Mean",0.2,"8","2015_11_01_38_38.tif",2015-11-01,1060172,0.143833153541891,305,"2015",NA
"362","8","","  gpppvpm.40","Mean   : 0.3  ","Mean",0.3,"8","2015_11_09_39_39.tif",2015-11-09,1060173,0.13869625520111,313,"2015",NA
"363","8","","  gpppvpm.41","Mean   : 0.2  ","Mean",0.2,"8","2015_11_17_40_40.tif",2015-11-17,1060173,0.13869625520111,321,"2015",NA
"364","8","","  gpppvpm.42","Mean   : 0.1  ","Mean",0.1,"8","2015_11_25_41_41.tif",2015-11-25,1060173,0.13869625520111,329,"2015",NA
"365","8","","  gpppvpm.43","Mean   : 0.2  ","Mean",0.2,"8","2015_12_03_42_42.tif",2015-12-03,1060173,0.13869625520111,337,"2015",NA
"366","8","","  gpppvpm.44","Mean   : 0.2  ","Mean",0.2,"8","2015_12_11_43_43.tif",2015-12-11,1060174,0.133559356860328,345,"2015",NA
"367","8","","  gpppvpm.45","Mean   : 0.2  ","Mean",0.2,"8","2015_12_19_44_44.tif",2015-12-19,1060174,0.133559356860328,353,"2015",NA
"368","8","","  gpppvpm.46","Mean   : 0.1  ","Mean",0.1,"8","2015_12_27_45_45.tif",2015-12-27,1060174,0.133559356860328,361,"2015",NA
"369","9","","  gpppvpm.1","Mean   :NaN  ","Mean",NA,"9","2016_01_01_0_0.tif",2016-01-01,1059425,NA,1,"2016",NA
"370","9","","  gpppvpm.2","Mean   :0  ","Mean",NA,"9","2016_01_09_1_1.tif",2016-01-09,1059414,0.047283356258597,9,"2016",NA
"371","9","","  gpppvpm.3","Mean   :0  ","Mean",NA,"9","2016_01_17_2_2.tif",2016-01-17,1059412,0.0558803301237964,17,"2016",NA
"372","9","","  gpppvpm.4","Mean   :0  ","Mean",NA,"9","2016_01_25_3_3.tif",2016-01-25,1059386,0.167640990371389,25,"2016",NA
"373","9","","  gpppvpm.5","Mean   :0  ","Mean",NA,"9","2016_02_02_4_4.tif",2016-02-02,1059372,0.227819807427785,33,"2016",NA
"374","9","","  gpppvpm.6","Mean   : 0.3  ","Mean",0.3,"9","2016_02_10_5_5.tif",2016-02-10,1059357,0.292297111416781,41,"2016",NA
"375","9","","  gpppvpm.7","Mean   :0  ","Mean",NA,"9","2016_02_18_6_6.tif",2016-02-18,1059320,0.451341127922971,49,"2016",NA
"376","9","","  gpppvpm.8","Mean   :0  ","Mean",NA,"9","2016_02_26_7_7.tif",2016-02-26,1059284,0.606086657496561,57,"2016",NA
"377","9","","  gpppvpm.9","Mean   :0  ","Mean",NA,"9","2016_03_05_8_8.tif",2016-03-05,1059150,1.18208390646492,65,"2016",NA
"378","9","","  gpppvpm.10","Mean   :0.0  ","Mean",NA,"9","2016_03_13_9_9.tif",2016-03-13,1058696,3.1335969738652,73,"2016",NA
"379","9","","  gpppvpm.11","Mean   :0.0  ","Mean",NA,"9","2016_03_21_10_10.tif",2016-03-21,1057488,8.32616918844567,81,"2016",NA
"380","9","","  gpppvpm.12","Mean   : 0.0  ","Mean",NA,"9","2016_03_29_11_11.tif",2016-03-29,1056026,14.6105570839065,89,"2016",NA
"381","9","","  gpppvpm.13","Mean   : 0.0  ","Mean",NA,"9","2016_04_06_12_12.tif",2016-04-06,1054035,23.1688445667125,97,"2016",NA
"382","9","","  gpppvpm.14","Mean   : 0.0  ","Mean",NA,"9","2016_04_14_13_13.tif",2016-04-14,1051518,33.988136176066,105,"2016",NA
"383","9","","  gpppvpm.15","Mean   : 0.2  ","Mean",0.2,"9","2016_04_22_14_14.tif",2016-04-22,1047742,50.2192228335626,113,"2016",0.2
"384","9","","  gpppvpm.16","Mean   : 0.6  ","Mean",0.6,"9","2016_04_30_15_15.tif",2016-04-30,1042794,71.488136176066,121,"2016",0.6
"385","9","","  gpppvpm.17","Mean   : 1.3  ","Mean",1.3,"9","2016_05_08_16_16.tif",2016-05-08,1038324,90.7023727647868,129,"2016",1.3
"386","9","","  gpppvpm.18","Mean   : 2.5  ","Mean",2.5,"9","2016_05_16_17_17.tif",2016-05-16,1036480,98.6287826685007,137,"2016",2.5
"387","9","","  gpppvpm.19","Mean   : 5.2  ","Mean",5.2,"9","2016_05_24_18_18.tif",2016-05-24,1036161,100,145,"2016",5.2
"388","9","","  gpppvpm.20","Mean   : 9.3  ","Mean",9.3,"9","2016_06_01_19_19.tif",2016-06-01,1036201,99.828060522696,153,"2016",9.3
"389","9","","  gpppvpm.21","Mean   :14.8  ","Mean",14.8,"9","2016_06_09_20_20.tif",2016-06-09,1036226,99.720598349381,161,"2016",14.8
"390","9","","  gpppvpm.22","Mean   : 18.1  ","Mean",18.1,"9","2016_06_17_21_21.tif",2016-06-17,1036234,99.6862104539202,169,"2016",18.1
"391","9","","  gpppvpm.23","Mean   : 19.5  ","Mean",19.5,"9","2016_06_25_22_22.tif",2016-06-25,1036226,99.720598349381,177,"2016",19.5
"392","9","","  gpppvpm.24","Mean   :17.0  ","Mean",17,"9","2016_07_03_23_23.tif",2016-07-03,1036320,99.3165405777166,185,"2016",17
"393","9","","  gpppvpm.25","Mean   :19.0  ","Mean",19,"9","2016_07_11_24_24.tif",2016-07-11,1036649,97.9023383768913,193,"2016",19
"394","9","","  gpppvpm.26","Mean   :16.6  ","Mean",16.6,"9","2016_07_19_25_25.tif",2016-07-19,1037498,94.2529229711142,201,"2016",16.6
"395","9","","  gpppvpm.27","Mean   :15.6  ","Mean",15.6,"9","2016_07_27_26_26.tif",2016-07-27,1038561,89.6836313617607,209,"2016",15.6
"396","9","","  gpppvpm.28","Mean   :14.1  ","Mean",14.1,"9","2016_08_04_27_27.tif",2016-08-04,1039868,84.0655089408528,217,"2016",14.1
"397","9","","  gpppvpm.29","Mean   : 6.9  ","Mean",6.9,"9","2016_08_12_28_28.tif",2016-08-12,1041457,77.2352132049519,225,"2016",6.9
"398","9","","  gpppvpm.30","Mean   :10.3  ","Mean",10.3,"9","2016_08_20_29_29.tif",2016-08-20,1043359,69.0594910591472,233,"2016",10.3
"399","9","","  gpppvpm.31","Mean   :10.4  ","Mean",10.4,"9","2016_08_28_30_30.tif",2016-08-28,1046029,57.5825309491059,241,"2016",10.4
"400","9","","  gpppvpm.32","Mean   : 7.4  ","Mean",7.4,"9","2016_09_05_31_31.tif",2016-09-05,1049562,42.3959766162311,249,"2016",7.4
"401","9","","  gpppvpm.33","Mean   : 5.7  ","Mean",5.7,"9","2016_09_13_32_32.tif",2016-09-13,1053641,24.8624484181568,257,"2016",5.7
"402","9","","  gpppvpm.34","Mean   : 4.6  ","Mean",4.6,"9","2016_09_21_33_33.tif",2016-09-21,1057238,9.4007909215956,265,"2016",4.6
"403","9","","  gpppvpm.35","Mean   : 3.5  ","Mean",3.5,"9","2016_09_29_34_34.tif",2016-09-29,1058894,2.28249656121045,273,"2016",NA
"404","9","","  gpppvpm.36","Mean   : 2.1  ","Mean",2.1,"9","2016_10_07_35_35.tif",2016-10-07,1059311,0.490027510316369,281,"2016",NA
"405","9","","  gpppvpm.37","Mean   : 1.5  ","Mean",1.5,"9","2016_10_15_36_36.tif",2016-10-15,1059381,0.189133425034388,289,"2016",NA
"406","9","","  gpppvpm.38","Mean   : 1.1  ","Mean",1.1,"9","2016_10_23_37_37.tif",2016-10-23,1059390,0.15044704264099,297,"2016",NA
"407","9","","  gpppvpm.39","Mean   : 0.9  ","Mean",0.9,"9","2016_10_31_38_38.tif",2016-10-31,1059394,0.133253094910591,305,"2016",NA
"408","9","","  gpppvpm.40","Mean   : 0.8  ","Mean",0.8,"9","2016_11_08_39_39.tif",2016-11-08,1059396,0.124656121045392,313,"2016",NA
"409","9","","  gpppvpm.41","Mean   : 0.8  ","Mean",0.8,"9","2016_11_16_40_40.tif",2016-11-16,1059396,0.124656121045392,321,"2016",NA
"410","9","","  gpppvpm.42","Mean   : 0.6  ","Mean",0.6,"9","2016_11_24_41_41.tif",2016-11-24,1059398,0.116059147180193,329,"2016",NA
"411","9","","  gpppvpm.43","Mean   : 0.3  ","Mean",0.3,"9","2016_12_02_42_42.tif",2016-12-02,1059398,0.116059147180193,337,"2016",NA
"412","9","","  gpppvpm.44","Mean   : 0.3  ","Mean",0.3,"9","2016_12_10_43_43.tif",2016-12-10,1059399,0.111760660247593,345,"2016",NA
"413","9","","  gpppvpm.45","Mean   : 0.3  ","Mean",0.3,"9","2016_12_18_44_44.tif",2016-12-18,1059399,0.111760660247593,353,"2016",NA
"414","9","","  gpppvpm.46","Mean   : 0.6  ","Mean",0.6,"9","2016_12_26_45_45.tif",2016-12-26,1059399,0.111760660247593,361,"2016",NA
"415","10","","  gpppvpm.1","Mean   :NaN  ","Mean",NA,"10","2017_01_01_0_0.tif",2017-01-01,1058058,NA,1,"2017",NA
"416","10","","  gpppvpm.2","Mean   :0  ","Mean",NA,"10","2017_01_09_1_1.tif",2017-01-09,1058003,0.327127817760067,9,"2017",NA
"417","10","","  gpppvpm.3","Mean   :0  ","Mean",NA,"10","2017_01_17_2_2.tif",2017-01-17,1057997,0.362814488788438,17,"2017",NA
"418","10","","  gpppvpm.4","Mean   :0  ","Mean",NA,"10","2017_01_25_3_3.tif",2017-01-25,1057992,0.39255338131208,25,"2017",NA
"419","10","","  gpppvpm.5","Mean   :0  ","Mean",NA,"10","2017_02_02_4_4.tif",2017-02-02,1057966,0.547195622435021,33,"2017",NA
"420","10","","  gpppvpm.6","Mean   :0  ","Mean",NA,"10","2017_02_10_5_5.tif",2017-02-10,1057956,0.606673407482305,41,"2017",NA
"421","10","","  gpppvpm.7","Mean   :0  ","Mean",NA,"10","2017_02_18_6_6.tif",2017-02-18,1057940,0.701837863557961,49,"2017",NA
"422","10","","  gpppvpm.8","Mean   :0  ","Mean",NA,"10","2017_02_26_7_7.tif",2017-02-26,1057904,0.915957889728186,57,"2017",NA
"423","10","","  gpppvpm.9","Mean   :0  ","Mean",NA,"10","2017_03_06_8_8.tif",2017-03-06,1057781,1.64753464580979,65,"2017",NA
"424","10","","  gpppvpm.10","Mean   :0.0  ","Mean",NA,"10","2017_03_14_9_9.tif",2017-03-14,1057483,3.41997264021888,73,"2017",NA
"425","10","","  gpppvpm.11","Mean   : 0.0  ","Mean",NA,"10","2017_03_22_10_10.tif",2017-03-22,1057102,5.68607625052043,81,"2017",NA
"426","10","","  gpppvpm.12","Mean   : 0.1  ","Mean",0.1,"10","2017_03_30_11_11.tif",2017-03-30,1056348,10.1707012430857,89,"2017",0.1
"427","10","","  gpppvpm.13","Mean   : 0.1  ","Mean",0.1,"10","2017_04_07_12_12.tif",2017-04-07,1055305,16.3742342235175,97,"2017",0.1
"428","10","","  gpppvpm.14","Mean   : 0.5  ","Mean",0.5,"10","2017_04_15_13_13.tif",2017-04-15,1053862,24.9568786058407,105,"2017",0.5
"429","10","","  gpppvpm.15","Mean   : 0.7  ","Mean",0.7,"10","2017_04_23_14_14.tif",2017-04-23,1051198,40.8017605424374,113,"2017",0.7
"430","10","","  gpppvpm.16","Mean   : 1.0  ","Mean",1,"10","2017_05_01_15_15.tif",2017-05-01,1047377,63.5282222090049,121,"2017",1
"431","10","","  gpppvpm.17","Mean   : 1.9  ","Mean",1.9,"10","2017_05_09_16_16.tif",2017-05-09,1044007,83.5722357699399,129,"2017",1.9
"432","10","","  gpppvpm.18","Mean   : 3.0  ","Mean",3,"10","2017_05_17_17_17.tif",2017-05-17,1041875,96.2528995420211,137,"2017",3
"433","10","","  gpppvpm.19","Mean   : 5.1  ","Mean",5.1,"10","2017_05_25_18_18.tif",2017-05-25,1041300,99.6728721822399,145,"2017",5.1
"434","10","","  gpppvpm.20","Mean   : 9.1  ","Mean",9.1,"10","2017_06_02_19_19.tif",2017-06-02,1041245,100,153,"2017",9.1
"435","10","","  gpppvpm.21","Mean   :14.0  ","Mean",14,"10","2017_06_10_20_20.tif",2017-06-10,1041254,99.9464699934574,161,"2017",14
"436","10","","  gpppvpm.22","Mean   :15.7  ","Mean",15.7,"10","2017_06_18_21_21.tif",2017-06-18,1041269,99.8572533158865,169,"2017",15.7
"437","10","","  gpppvpm.23","Mean   :19.4  ","Mean",19.4,"10","2017_06_26_22_22.tif",2017-06-26,1041314,99.5896032831737,177,"2017",19.4
"438","10","","  gpppvpm.24","Mean   :21.3  ","Mean",21.3,"10","2017_07_04_23_23.tif",2017-07-04,1041444,98.816392077559,185,"2017",21.3
"439","10","","  gpppvpm.25","Mean   :22.2  ","Mean",22.2,"10","2017_07_12_24_24.tif",2017-07-12,1041678,97.4246119074526,193,"2017",22.2
"440","10","","  gpppvpm.26","Mean   :20.0  ","Mean",20,"10","2017_07_20_25_25.tif",2017-07-20,1041924,95.9614583952894,201,"2017",20
"441","10","","  gpppvpm.27","Mean   :14.7  ","Mean",14.7,"10","2017_07_28_26_26.tif",2017-07-28,1042397,93.1481591625528,209,"2017",14.7
"442","10","","  gpppvpm.28","Mean   :14.8  ","Mean",14.8,"10","2017_08_05_27_27.tif",2017-08-05,1043072,89.1334086718611,217,"2017",14.8
"443","10","","  gpppvpm.29","Mean   :11.4  ","Mean",11.4,"10","2017_08_13_28_28.tif",2017-08-13,1043920,84.0896924998513,225,"2017",11.4
"444","10","","  gpppvpm.30","Mean   :10.8  ","Mean",10.8,"10","2017_08_21_29_29.tif",2017-08-21,1045001,77.6601439362398,233,"2017",10.8
"445","10","","  gpppvpm.31","Mean   : 9.0  ","Mean",9,"10","2017_08_29_30_30.tif",2017-08-29,1046705,67.5251293641825,241,"2017",9
"446","10","","  gpppvpm.32","Mean   : 8.0  ","Mean",8,"10","2017_09_06_31_31.tif",2017-09-06,1049482,51.0081484565515,249,"2017",8
"447","10","","  gpppvpm.33","Mean   : 8.2  ","Mean",8.2,"10","2017_09_14_32_32.tif",2017-09-14,1052584,32.5581395348837,257,"2017",8.2
"448","10","","  gpppvpm.34","Mean   : 6.3  ","Mean",6.3,"10","2017_09_22_33_33.tif",2017-09-22,1055247,16.7192053767918,265,"2017",6.3
"449","10","","  gpppvpm.35","Mean   : 3.4  ","Mean",3.4,"10","2017_09_30_34_34.tif",2017-09-30,1057070,5.87640516267174,273,"2017",3.4
"450","10","","  gpppvpm.36","Mean   : 2.7  ","Mean",2.7,"10","2017_10_08_35_35.tif",2017-10-08,1057833,1.33825016356391,281,"2017",NA
"451","10","","  gpppvpm.37","Mean   : 1.1  ","Mean",1.1,"10","2017_10_16_36_36.tif",2017-10-16,1057972,0.51150895140665,289,"2017",NA
"452","10","","  gpppvpm.38","Mean   : 0.5  ","Mean",0.5,"10","2017_10_24_37_37.tif",2017-10-24,1057991,0.398501159816808,297,"2017",NA
"453","10","","  gpppvpm.39","Mean   : 0.2  ","Mean",0.2,"10","2017_11_01_38_38.tif",2017-11-01,1057994,0.380657824302623,305,"2017",NA
"454","10","","  gpppvpm.40","Mean   : 0.3  ","Mean",0.3,"10","2017_11_09_39_39.tif",2017-11-09,1057995,0.374710045797894,313,"2017",NA
"455","10","","  gpppvpm.41","Mean   : 0.2  ","Mean",0.2,"10","2017_11_17_40_40.tif",2017-11-17,1057995,0.374710045797894,321,"2017",NA
"456","10","","  gpppvpm.42","Mean   : 0.2  ","Mean",0.2,"10","2017_11_25_41_41.tif",2017-11-25,1057995,0.374710045797894,329,"2017",NA
"457","10","","  gpppvpm.43","Mean   : 0.1  ","Mean",0.1,"10","2017_12_03_42_42.tif",2017-12-03,1057996,0.368762267293166,337,"2017",NA
"458","10","","  gpppvpm.44","Mean   : 0.2  ","Mean",0.2,"10","2017_12_11_43_43.tif",2017-12-11,1057999,0.350918931778981,345,"2017",NA
"459","10","","  gpppvpm.45","Mean   : 0.1  ","Mean",0.1,"10","2017_12_19_44_44.tif",2017-12-19,1058005,0.31523226075061,353,"2017",NA
"460","10","","  gpppvpm.46","Mean   : 0.0  ","Mean",NA,"10","2017_12_27_45_45.tif",2017-12-27,1058005,0.31523226075061,361,"2017",NA
"461","11","","  gpppvpm.1","Mean   : 0.5  ","Mean",0.5,"11","2018_01_01_0_0.tif",2018-01-01,1060196,0.0184774575018477,1,"2018",NA
"462","11","","  gpppvpm.2","Mean   :-0.1  ","Mean",-0.1,"11","2018_01_09_1_1.tif",2018-01-09,1060177,0.106245380635625,9,"2018",NA
"463","11","","  gpppvpm.3","Mean   :0  ","Mean",NA,"11","2018_01_17_2_2.tif",2018-01-17,1060139,0.281781226903178,17,"2018",NA
"464","11","","  gpppvpm.4","Mean   :0  ","Mean",NA,"11","2018_01_25_3_3.tif",2018-01-25,1060119,0.374168514412417,25,"2018",NA
"465","11","","  gpppvpm.5","Mean   :0.0  ","Mean",NA,"11","2018_02_02_4_4.tif",2018-02-02,1060080,0.554323725055432,33,"2018",NA
"466","11","","  gpppvpm.6","Mean   :0  ","Mean",NA,"11","2018_02_10_5_5.tif",2018-02-10,1060062,0.637472283813747,41,"2018",NA
"467","11","","  gpppvpm.7","Mean   :0  ","Mean",NA,"11","2018_02_18_6_6.tif",2018-02-18,1060033,0.771433850702143,49,"2018",NA
"468","11","","  gpppvpm.8","Mean   :0  ","Mean",NA,"11","2018_02_26_7_7.tif",2018-02-26,1059980,1.01626016260163,57,"2018",NA
"469","11","","  gpppvpm.9","Mean   :0  ","Mean",NA,"11","2018_03_06_8_8.tif",2018-03-06,1059892,1.42276422764228,65,"2018",NA
"470","11","","  gpppvpm.10","Mean   :0  ","Mean",NA,"11","2018_03_14_9_9.tif",2018-03-14,1059612,2.71618625277162,73,"2018",NA
"471","11","","  gpppvpm.11","Mean   :0.0  ","Mean",NA,"11","2018_03_22_10_10.tif",2018-03-22,1058848,6.24538063562454,81,"2018",NA
"472","11","","  gpppvpm.12","Mean   : 0.0  ","Mean",NA,"11","2018_03_30_11_11.tif",2018-03-30,1057461,12.6524390243902,89,"2018",NA
"473","11","","  gpppvpm.13","Mean   : 0.0  ","Mean",NA,"11","2018_04_07_12_12.tif",2018-04-07,1055938,19.6877309682188,97,"2018",NA
"474","11","","  gpppvpm.14","Mean   : 0.0  ","Mean",NA,"11","2018_04_15_13_13.tif",2018-04-15,1053427,31.2869549150037,105,"2018",NA
"475","11","","  gpppvpm.15","Mean   : 0.0  ","Mean",NA,"11","2018_04_23_14_14.tif",2018-04-23,1048337,54.7995195861049,113,"2018",NA
"476","11","","  gpppvpm.16","Mean   : 0.1  ","Mean",0.1,"11","2018_05_01_15_15.tif",2018-05-01,1043017,79.3745380635625,121,"2018",0.1
"477","11","","  gpppvpm.17","Mean   : 1.0  ","Mean",1,"11","2018_05_09_16_16.tif",2018-05-09,1040053,93.0663340724316,129,"2018",1
"478","11","","  gpppvpm.18","Mean   : 3.3  ","Mean",3.3,"11","2018_05_17_17_17.tif",2018-05-17,1038901,98.3878418329638,137,"2018",3.3
"479","11","","  gpppvpm.19","Mean   : 8.0  ","Mean",8,"11","2018_05_25_18_18.tif",2018-05-25,1038599,99.7828898743533,145,"2018",8
"480","11","","  gpppvpm.20","Mean   :13.9  ","Mean",13.9,"11","2018_06_02_19_19.tif",2018-06-02,1038643,99.579637841833,153,"2018",13.9
"481","11","","  gpppvpm.21","Mean   :17.1  ","Mean",17.1,"11","2018_06_10_20_20.tif",2018-06-10,1038552,100,161,"2018",17.1
"482","11","","  gpppvpm.22","Mean   :16.4  ","Mean",16.4,"11","2018_06_18_21_21.tif",2018-06-18,1038592,99.8152254249815,169,"2018",16.4
"483","11","","  gpppvpm.23","Mean   :19.9  ","Mean",19.9,"11","2018_06_26_22_22.tif",2018-06-26,1038862,98.5679970436068,177,"2018",19.9
"484","11","","  gpppvpm.24","Mean   :19.1  ","Mean",19.1,"11","2018_07_04_23_23.tif",2018-07-04,1038952,98.1522542498152,185,"2018",19.1
"485","11","","  gpppvpm.25","Mean   :15.2  ","Mean",15.2,"11","2018_07_12_24_24.tif",2018-07-12,1038858,98.5864745011086,193,"2018",15.2
"486","11","","  gpppvpm.26","Mean   :17.9  ","Mean",17.9,"11","2018_07_20_25_25.tif",2018-07-20,1039353,96.299889135255,201,"2018",17.9
"487","11","","  gpppvpm.27","Mean   :15.1  ","Mean",15.1,"11","2018_07_28_26_26.tif",2018-07-28,1040297,91.9392091648189,209,"2018",15.1
"488","11","","  gpppvpm.28","Mean   :11.3  ","Mean",11.3,"11","2018_08_05_27_27.tif",2018-08-05,1041421,86.7470436067997,217,"2018",11.3
"489","11","","  gpppvpm.29","Mean   : 9.0  ","Mean",9,"11","2018_08_13_28_28.tif",2018-08-13,1042606,81.2730968218773,225,"2018",9
"490","11","","  gpppvpm.30","Mean   :10.0  ","Mean",10,"11","2018_08_21_29_29.tif",2018-08-21,1044428,72.8566149297856,233,"2018",10
"491","11","","  gpppvpm.31","Mean   : 8.4  ","Mean",8.4,"11","2018_08_29_30_30.tif",2018-08-29,1047836,57.1138211382114,241,"2018",8.4
"492","11","","  gpppvpm.32","Mean   : 3.8  ","Mean",3.8,"11","2018_09_06_31_31.tif",2018-09-06,1052618,35.0240206947524,249,"2018",3.8
"493","11","","  gpppvpm.33","Mean   : 6.8  ","Mean",6.8,"11","2018_09_14_32_32.tif",2018-09-14,1056317,17.9369918699187,257,"2018",6.8
"494","11","","  gpppvpm.34","Mean   : 3.0  ","Mean",3,"11","2018_09_22_33_33.tif",2018-09-22,1058530,7.71433850702143,265,"2018",3
"495","11","","  gpppvpm.35","Mean   : 4.0  ","Mean",4,"11","2018_09_30_34_34.tif",2018-09-30,1059537,3.06263858093126,273,"2018",4
"496","11","","  gpppvpm.36","Mean   : 1.7  ","Mean",1.7,"11","2018_10_08_35_35.tif",2018-10-08,1059925,1.27032520325203,281,"2018",NA
"497","11","","  gpppvpm.37","Mean   : 0.9  ","Mean",0.9,"11","2018_10_16_36_36.tif",2018-10-16,1060004,0.90539541759054,289,"2018",NA
"498","11","","  gpppvpm.38","Mean   : 0.6  ","Mean",0.6,"11","2018_10_24_37_37.tif",2018-10-24,1060024,0.813008130081301,297,"2018",NA
"499","11","","  gpppvpm.39","Mean   : 0.3  ","Mean",0.3,"11","2018_11_01_38_38.tif",2018-11-01,1060027,0.799150036954915,305,"2018",NA
"500","11","","  gpppvpm.40","Mean   : 0.1  ","Mean",0.1,"11","2018_11_09_39_39.tif",2018-11-09,1060029,0.789911308203991,313,"2018",NA
"501","11","","  gpppvpm.41","Mean   : 0.1  ","Mean",0.1,"11","2018_11_17_40_40.tif",2018-11-17,1060029,0.789911308203991,321,"2018",NA
"502","11","","  gpppvpm.42","Mean   : 0.1  ","Mean",0.1,"11","2018_11_25_41_41.tif",2018-11-25,1060029,0.789911308203991,329,"2018",NA
"503","11","","  gpppvpm.43","Mean   : 0.0  ","Mean",NA,"11","2018_12_03_42_42.tif",2018-12-03,1060029,0.789911308203991,337,"2018",NA
"504","11","","  gpppvpm.44","Mean   : 0.0  ","Mean",NA,"11","2018_12_11_43_43.tif",2018-12-11,1060029,0.789911308203991,345,"2018",NA
"505","11","","  gpppvpm.45","Mean   : 0.0  ","Mean",NA,"11","2018_12_19_44_44.tif",2018-12-19,1060029,0.789911308203991,353,"2018",NA
"506","11","","  gpppvpm.46","Mean   : 0.0  ","Mean",NA,"11","2018_12_27_45_45.tif",2018-12-27,1060031,0.780672579453067,361,"2018",NA
"507","12","","  gpppvpm.1","Mean   :0  ","Mean",NA,"12","2019_01_01_0_0.tif",2019-01-01,1056323,0.0116842904714611,1,"2019",NA
"508","12","","  gpppvpm.2","Mean   :0  ","Mean",NA,"12","2019_01_09_1_1.tif",2019-01-09,1056316,0.052579307121575,9,"2019",NA
"509","12","","  gpppvpm.3","Mean   :-0.1  ","Mean",-0.1,"12","2019_01_17_2_2.tif",2019-01-17,1056312,0.0759478880644973,17,"2019",NA
"510","12","","  gpppvpm.4","Mean   :-0.4  ","Mean",-0.4,"12","2019_01_25_3_3.tif",2019-01-25,1056307,0.10515861424315,25,"2019",NA
"511","12","","  gpppvpm.5","Mean   :0  ","Mean",NA,"12","2019_02_02_4_4.tif",2019-02-02,1056294,0.181106502307647,33,"2019",NA
"512","12","","  gpppvpm.6","Mean   : 0.0  ","Mean",NA,"12","2019_02_10_5_5.tif",2019-02-10,1056282,0.251212245136414,41,"2019",NA
"513","12","","  gpppvpm.7","Mean   : 0.0  ","Mean",NA,"12","2019_02_18_6_6.tif",2019-02-18,1056264,0.356370859379564,49,"2019",NA
"514","12","","  gpppvpm.8","Mean   :0.0  ","Mean",NA,"12","2019_02_26_7_7.tif",2019-02-26,1056215,0.642635975930362,57,"2019",NA
"515","12","","  gpppvpm.9","Mean   :0  ","Mean",NA,"12","2019_03_06_8_8.tif",2019-03-06,1056068,1.50143132558275,65,"2019",NA
"516","12","","  gpppvpm.10","Mean   :0  ","Mean",NA,"12","2019_03_14_9_9.tif",2019-03-14,1055664,3.8616580008179,73,"2019",NA
"517","12","","  gpppvpm.11","Mean   :0  ","Mean",NA,"12","2019_03_22_10_10.tif",2019-03-22,1054846,8.6405328036455,81,"2019",NA
"518","12","","  gpppvpm.12","Mean   :0  ","Mean",NA,"12","2019_03_30_11_11.tif",2019-03-30,1053858,14.4125722965473,89,"2019",NA
"519","12","","  gpppvpm.13","Mean   : 0.0  ","Mean",NA,"12","2019_04_07_12_12.tif",2019-04-07,1052377,23.0647893906643,97,"2019",NA
"520","12","","  gpppvpm.14","Mean   : 0.0  ","Mean",NA,"12","2019_04_15_13_13.tif",2019-04-15,1050478,34.1590231933166,105,"2019",NA
"521","12","","  gpppvpm.15","Mean   : 0.1  ","Mean",0.1,"12","2019_04_23_14_14.tif",2019-04-23,1047975,48.7819127183502,113,"2019",0.1
"522","12","","  gpppvpm.16","Mean   : 0.4  ","Mean",0.4,"12","2019_05_01_15_15.tif",2019-05-01,1044329,70.0823742478238,121,"2019",0.4
"523","12","","  gpppvpm.17","Mean   : 0.9  ","Mean",0.9,"12","2019_05_09_16_16.tif",2019-05-09,1040785,90.7869369632529,129,"2019",0.9
"524","12","","  gpppvpm.18","Mean   : 3.3  ","Mean",3.3,"12","2019_05_17_17_17.tif",2019-05-17,1039432,98.6913594671963,137,"2019",3.3
"525","12","","  gpppvpm.19","Mean   : 6.7  ","Mean",6.7,"12","2019_05_25_18_18.tif",2019-05-25,1039230,99.8714728048139,145,"2019",6.7
"526","12","","  gpppvpm.20","Mean   : 9.0  ","Mean",9,"12","2019_06_02_19_19.tif",2019-06-02,1039208,100,153,"2019",9
"527","12","","  gpppvpm.21","Mean   :13.2  ","Mean",13.2,"12","2019_06_10_20_20.tif",2019-06-10,1039244,99.7896827715137,161,"2019",13.2
"528","12","","  gpppvpm.22","Mean   :15.5  ","Mean",15.5,"12","2019_06_18_21_21.tif",2019-06-18,1039252,99.7429456096279,169,"2019",15.5
"529","12","","  gpppvpm.23","Mean   :17.1  ","Mean",17.1,"12","2019_06_26_22_22.tif",2019-06-26,1039303,99.4449962026056,177,"2019",17.1
"530","12","","  gpppvpm.24","Mean   :17.4  ","Mean",17.4,"12","2019_07_04_23_23.tif",2019-07-04,1039434,98.6796751767249,185,"2019",17.4
"531","12","","  gpppvpm.25","Mean   :12.7  ","Mean",12.7,"12","2019_07_12_24_24.tif",2019-07-12,1039740,96.8919787345913,193,"2019",12.7
"532","12","","  gpppvpm.26","Mean   :16.4  ","Mean",16.4,"12","2019_07_20_25_25.tif",2019-07-20,1040314,93.538587369282,201,"2019",16.4
"533","12","","  gpppvpm.27","Mean   :13.5  ","Mean",13.5,"12","2019_07_28_26_26.tif",2019-07-28,1041064,89.1569784424841,209,"2019",13.5
"534","12","","  gpppvpm.28","Mean   :13.3  ","Mean",13.3,"12","2019_08_05_27_27.tif",2019-08-05,1041939,84.0451013612198,217,"2019",13.3
"535","12","","  gpppvpm.29","Mean   :14.0  ","Mean",14,"12","2019_08_13_28_28.tif",2019-08-13,1043125,77.1163171116434,225,"2019",14
"536","12","","  gpppvpm.30","Mean   :10.8  ","Mean",10.8,"12","2019_08_21_29_29.tif",2019-08-21,1044567,68.6919436817199,233,"2019",10.8
"537","12","","  gpppvpm.31","Mean   :10.7  ","Mean",10.7,"12","2019_08_29_30_30.tif",2019-08-29,1046349,58.2812408716481,241,"2019",10.7
"538","12","","  gpppvpm.32","Mean   : 8.7  ","Mean",8.7,"12","2019_09_06_31_31.tif",2019-09-06,1048747,44.2717765963662,249,"2019",8.7
"539","12","","  gpppvpm.33","Mean   : 7.0  ","Mean",7,"12","2019_09_14_32_32.tif",2019-09-14,1051954,25.5360168253783,257,"2019",7
"540","12","","  gpppvpm.34","Mean   : 4.5  ","Mean",4.5,"12","2019_09_22_33_33.tif",2019-09-22,1054713,9.41753811999766,265,"2019",4.5
"541","12","","  gpppvpm.35","Mean   : 4.8  ","Mean",4.8,"12","2019_09_30_34_34.tif",2019-09-30,1055949,2.19664660863469,273,"2019",NA
"542","12","","  gpppvpm.36","Mean   : 3.0  ","Mean",3,"12","2019_10_08_35_35.tif",2019-10-08,1056245,0.467371618858445,281,"2019",NA
"543","12","","  gpppvpm.37","Mean   : 2.2  ","Mean",2.2,"12","2019_10_16_36_36.tif",2019-10-16,1056298,0.157737921364725,289,"2019",NA
"544","12","","  gpppvpm.38","Mean   : 0.5  ","Mean",0.5,"12","2019_10_24_37_37.tif",2019-10-24,1056311,0.0817900333002278,297,"2019",NA
"545","12","","  gpppvpm.39","Mean   : 0.0  ","Mean",NA,"12","2019_11_01_38_38.tif",2019-11-01,1056316,0.052579307121575,305,"2019",NA
"546","12","","  gpppvpm.40","Mean   :-0.1  ","Mean",-0.1,"12","2019_11_09_39_39.tif",2019-11-09,1056317,0.0467371618858445,313,"2019",NA
"547","12","","  gpppvpm.41","Mean   :-0.1  ","Mean",-0.1,"12","2019_11_17_40_40.tif",2019-11-17,1056317,0.0467371618858445,321,"2019",NA
"548","12","","  gpppvpm.42","Mean   : 0.0  ","Mean",NA,"12","2019_11_25_41_41.tif",2019-11-25,1056317,0.0467371618858445,329,"2019",NA
"549","12","","  gpppvpm.43","Mean   : 0.0  ","Mean",NA,"12","2019_12_03_42_42.tif",2019-12-03,1056318,0.0408950166501139,337,"2019",NA
"550","12","","  gpppvpm.44","Mean   : 0.0  ","Mean",NA,"12","2019_12_11_43_43.tif",2019-12-11,1056318,0.0408950166501139,345,"2019",NA
"551","12","","  gpppvpm.45","Mean   :-0.3  ","Mean",-0.3,"12","2019_12_19_44_44.tif",2019-12-19,1056320,0.0292107261786528,353,"2019",NA
"552","12","","  gpppvpm.46","Mean   :-0.2  ","Mean",-0.2,"12","2019_12_27_45_45.tif",2019-12-27,1056320,0.0292107261786528,361,"2019",NA
"553","13","","  gpppvpm.1","Mean   :1.9  ","Mean",1.9,"13","2020_01_01_0_0.tif",2020-01-01,1049087,0.004532680627323,1,"2020",NA
"554","13","","  gpppvpm.2","Mean   :0  ","Mean",NA,"13","2020_01_09_1_1.tif",2020-01-09,1049077,0.049859486900553,9,"2020",NA
"555","13","","  gpppvpm.3","Mean   :0  ","Mean",NA,"13","2020_01_17_2_2.tif",2020-01-17,1049075,0.058924848155199,17,"2020",NA
"556","13","","  gpppvpm.4","Mean   : 0.0  ","Mean",NA,"13","2020_01_25_3_3.tif",2020-01-25,1049071,0.077055570664491,25,"2020",NA
"557","13","","  gpppvpm.5","Mean   :0  ","Mean",NA,"13","2020_02_02_4_4.tif",2020-02-02,1049065,0.104251654428429,33,"2020",NA
"558","13","","  gpppvpm.6","Mean   :0  ","Mean",NA,"13","2020_02_10_5_5.tif",2020-02-10,1049053,0.158643821956305,41,"2020",NA
"559","13","","  gpppvpm.7","Mean   :0  ","Mean",NA,"13","2020_02_18_6_6.tif",2020-02-18,1049026,0.281026198894026,49,"2020",NA
"560","13","","  gpppvpm.8","Mean   :0  ","Mean",NA,"13","2020_02_26_7_7.tif",2020-02-26,1048984,0.471398785241592,57,"2020",NA
"561","13","","  gpppvpm.9","Mean   :0  ","Mean",NA,"13","2020_03_05_8_8.tif",2020-03-05,1048871,0.983591696129091,65,"2020",NA
"562","13","","  gpppvpm.10","Mean   :0  ","Mean",NA,"13","2020_03_13_9_9.tif",2020-03-13,1048585,2.27993835554347,73,"2020",NA
"563","13","","  gpppvpm.11","Mean   :0.0  ","Mean",NA,"13","2020_03_21_10_10.tif",2020-03-21,1048120,4.38763484724866,81,"2020",NA
"564","13","","  gpppvpm.12","Mean   : 0.0  ","Mean",NA,"13","2020_03_29_11_11.tif",2020-03-29,1046998,9.47330251110507,89,"2020",NA
"565","13","","  gpppvpm.13","Mean   : 0.0  ","Mean",NA,"13","2020_04_06_12_12.tif",2020-04-06,1045248,17.4054936089203,97,"2020",NA
"566","13","","  gpppvpm.14","Mean   : 0.0  ","Mean",NA,"13","2020_04_14_13_13.tif",2020-04-14,1043565,25.0339951047049,105,"2020",NA
"567","13","","  gpppvpm.15","Mean   : 0.1  ","Mean",0.1,"13","2020_04_22_14_14.tif",2020-04-22,1041299,35.3050494062188,113,"2020",0.1
"568","13","","  gpppvpm.16","Mean   : 0.3  ","Mean",0.3,"13","2020_04_30_15_15.tif",2020-04-30,1037258,53.6216118212311,121,"2020",0.3
"569","13","","  gpppvpm.17","Mean   : 0.5  ","Mean",0.5,"13","2020_05_08_16_16.tif",2020-05-08,1031740,78.6329435227994,129,"2020",0.5
"570","13","","  gpppvpm.18","Mean   : 1.3  ","Mean",1.3,"13","2020_05_16_17_17.tif",2020-05-16,1028241,94.4927930378026,137,"2020",1.3
"571","13","","  gpppvpm.19","Mean   :  3.5  ","Mean",3.5,"13","2020_05_24_18_18.tif",2020-05-24,1027181,99.2974345027649,145,"2020",3.5
"572","13","","  gpppvpm.20","Mean   : 6.2  ","Mean",6.2,"13","2020_06_01_19_19.tif",2020-06-01,1027028,99.9909346387454,153,"2020",6.2
"573","13","","  gpppvpm.21","Mean   :12.0  ","Mean",12,"13","2020_06_09_20_20.tif",2020-06-09,1027026,100,161,"2020",12
"574","13","","  gpppvpm.22","Mean   :14.5  ","Mean",14.5,"13","2020_06_17_21_21.tif",2020-06-17,1027047,99.9048137068262,169,"2020",14.5
"575","13","","  gpppvpm.23","Mean   :16.4  ","Mean",16.4,"13","2020_06_25_22_22.tif",2020-06-25,1027091,99.705375759224,177,"2020",16.4
"576","13","","  gpppvpm.24","Mean   :18.8  ","Mean",18.8,"13","2020_07_03_23_23.tif",2020-07-03,1027246,99.0028102619889,185,"2020",18.8
"577","13","","  gpppvpm.25","Mean   :19.9  ","Mean",19.9,"13","2020_07_11_24_24.tif",2020-07-11,1027421,98.2095911522074,193,"2020",19.9
"578","13","","  gpppvpm.26","Mean   :17.7  ","Mean",17.7,"13","2020_07_19_25_25.tif",2020-07-19,1027732,96.79992747711,201,"2020",17.7
"579","13","","  gpppvpm.27","Mean   :14.0  ","Mean",14,"13","2020_07_27_26_26.tif",2020-07-27,1028329,94.0939171425981,209,"2020",14
"580","13","","  gpppvpm.28","Mean   :15.9  ","Mean",15.9,"13","2020_08_04_27_27.tif",2020-08-04,1029552,88.5504487353821,217,"2020",15.9
"581","13","","  gpppvpm.29","Mean   :14.5  ","Mean",14.5,"13","2020_08_12_28_28.tif",2020-08-12,1030947,82.2273592602665,225,"2020",14.5
"582","13","","  gpppvpm.30","Mean   :11.6  ","Mean",11.6,"13","2020_08_20_29_29.tif",2020-08-20,1032218,76.466322182939,233,"2020",11.6
"583","13","","  gpppvpm.31","Mean   : 8.1  ","Mean",8.1,"13","2020_08_28_30_30.tif",2020-08-28,1033729,69.6174417550539,241,"2020",8.1
"584","13","","  gpppvpm.32","Mean   : 9.0  ","Mean",9,"13","2020_09_05_31_31.tif",2020-09-05,1036098,58.8795213489258,249,"2020",9
"585","13","","  gpppvpm.33","Mean   : 7.4  ","Mean",7.4,"13","2020_09_13_32_32.tif",2020-09-13,1040057,40.934638745354,257,"2020",7.4
"586","13","","  gpppvpm.34","Mean   : 3.7  ","Mean",3.7,"13","2020_09_21_33_33.tif",2020-09-21,1044434,21.0950956395612,265,"2020",3.7
"587","13","","  gpppvpm.35","Mean   : 4.6  ","Mean",4.6,"13","2020_09_29_34_34.tif",2020-09-29,1047467,7.34747529689058,273,"2020",4.6
"588","13","","  gpppvpm.36","Mean   : 2.7  ","Mean",2.7,"13","2020_10_07_35_35.tif",2020-10-07,1048729,1.62723234520896,281,"2020",NA
"589","13","","  gpppvpm.37","Mean   : 2.4  ","Mean",2.4,"13","2020_10_15_36_36.tif",2020-10-15,1049013,0.339951047049225,289,"2020",NA
"590","13","","  gpppvpm.38","Mean   : 0.9  ","Mean",0.9,"13","2020_10_23_37_37.tif",2020-10-23,1049056,0.145045780074336,297,"2020",NA
"591","13","","  gpppvpm.39","Mean   : 1.6  ","Mean",1.6,"13","2020_10_31_38_38.tif",2020-10-31,1049071,0.077055570664491,305,"2020",NA
"592","13","","  gpppvpm.40","Mean   : 1.4  ","Mean",1.4,"13","2020_11_08_39_39.tif",2020-11-08,1049073,0.067990209409845,313,"2020",NA
"593","13","","  gpppvpm.41","Mean   :1.1  ","Mean",1.1,"13","2020_11_16_40_40.tif",2020-11-16,1049077,0.049859486900553,321,"2020",NA
"594","13","","  gpppvpm.42","Mean   :0.7  ","Mean",0.7,"13","2020_11_24_41_41.tif",2020-11-24,1049077,0.049859486900553,329,"2020",NA
"595","13","","  gpppvpm.43","Mean   : 0.6  ","Mean",0.6,"13","2020_12_02_42_42.tif",2020-12-02,1049079,0.040794125645907,337,"2020",NA
"596","13","","  gpppvpm.44","Mean   : 0.5  ","Mean",0.5,"13","2020_12_10_43_43.tif",2020-12-10,1049080,0.036261445018584,345,"2020",NA
"597","13","","  gpppvpm.45","Mean   : 0.3  ","Mean",0.3,"13","2020_12_18_44_44.tif",2020-12-18,1049081,0.031728764391261,353,"2020",NA
"598","13","","  gpppvpm.46","Mean   : 0.1  ","Mean",0.1,"13","2020_12_26_45_45.tif",2020-12-26,1049082,0.027196083763938,361,"2020",NA
